hair_path,hairtop_path,hairstyle,shape,g_shape,t_shape
.\database\cropped_ff\hair\hair_ID_0000.jpg,.\database\cropped_ff\hairtop\hairtop_ID_0000.jpg,06_LONGHAIR_STRAIGHT,shape3,long,X
.\database\cropped_ff\hair\hair_ID_0001.jpg,.\database\cropped_ff\hairtop\hairtop_ID_0001.jpg,06_LONGHAIR_STRAIGHT,shape3,long,X
.\database\cropped_ff\hair\hair_ID_0003.jpg,.\database\cropped_ff\hairtop\hairtop_ID_0003.jpg,06_LONGHAIR_STRAIGHT,shape3,long,X
.\database\cropped_ff\hair\hair_ID_0004.jpg,.\database\cropped_ff\hairtop\hairtop_ID_0004.jpg,03_BUN,shape0,short,X
.\database\cropped_ff\hair\hair_ID_0005.jpg,.\database\cropped_ff\hairtop\hairtop_ID_0005.jpg,06_LONGHAIR_STRAIGHT,shape3,long,X
.\database\cropped_ff\hair\hair_ID_0006.jpg,.\database\cropped_ff\hairtop\hairtop_ID_0006.jpg,06_LONGHAIR_STRAIGHT,shape3,long,X
.\database\cropped_ff\hair\hair_ID_0007.jpg,.\database\cropped_ff\hairtop\hairtop_ID_0007.jpg,14_PONYTAIL,shape0,short,X
.\database\cropped_ff\hair\hair_ID_0008.jpg,.\database\cropped_ff\hairtop\hairtop_ID_0008.jpg,03_BUN,shape0,short,X
.\database\cropped_ff\hair\hair_ID_0009.jpg,.\database\cropped_ff\hairtop\hairtop_ID_0009.jpg,06_LONGHAIR_STRAIGHT,shape3,long,X
.\database\cropped_ff\hair\hair_ID_0010.jpg,.\database\cropped_ff\hairtop\hairtop_ID_0010.jpg,06_LONGHAIR_STRAIGHT,shape3,long,X
.\database\cropped_ff\hair\hair_ID_0011.jpg,.\database\cropped_ff\hairtop\hairtop_ID_0011.jpg,03_BUN,shape0,short,X
.\database\cropped_ff\hair\hair_ID_0012.jpg,.\database\cropped_ff\hairtop\hairtop_ID_0012.jpg,03_BUN,shape0,short,X
.\database\cropped_ff\hair\hair_ID_0013.jpg,.\database\cropped_ff\hairtop\hairtop_ID_0013.jpg,03_BUN,shape0,short,X
.\database\cropped_ff\hair\hair_ID_0014.jpg,.\database\cropped_ff\hairtop\hairtop_ID_0014.jpg,14_PONYTAIL,shape0,short,X
.\database\cropped_ff\hair\hair_ID_0015.jpg,.\database\cropped_ff\hairtop\hairtop_ID_0015.jpg,03_BUN,shape0,short,X
.\database\cropped_ff\hair\hair_ID_0016.jpg,.\database\cropped_ff\hairtop\hairtop_ID_0016.jpg,06_LONGHAIR_STRAIGHT,shape3,long,X
.\database\cropped_ff\hair\hair_ID_0017.jpg,.\database\cropped_ff\hairtop\hairtop_ID_0017.jpg,14_PONYTAIL,shape0,short,X
.\database\cropped_ff\hair\hair_ID_0018.jpg,.\database\cropped_ff\hairtop\hairtop_ID_0018.jpg,14_PONYTAIL,shape0,short,X
.\database\cropped_ff\hair\hair_ID_0019.jpg,.\database\cropped_ff\hairtop\hairtop_ID_0019.jpg,06_LONGHAIR_STRAIGHT,shape3,long,X
.\database\cropped_ff\hair\hair_ID_0020.jpg,.\database\cropped_ff\hairtop\hairtop_ID_0020.jpg,03_BUN,shape0,short,X
.\database\cropped_ff\hair\hair_ID_0021.jpg,.\database\cropped_ff\hairtop\hairtop_ID_0021.jpg,03_BUN,shape0,short,X
.\database\cropped_ff\hair\hair_ID_0022.jpg,.\database\cropped_ff\hairtop\hairtop_ID_0022.jpg,03_BUN,shape0,short,X
.\database\cropped_ff\hair\hair_ID_0023.jpg,.\database\cropped_ff\hairtop\hairtop_ID_0023.jpg,09_MEDIUMLENGTH_STRAIGHT_WAVY,shape1,medium,X
.\database\cropped_ff\hair\hair_ID_0024.jpg,.\database\cropped_ff\hairtop\hairtop_ID_0024.jpg,03_BUN,shape0,short,X
.\database\cropped_ff\hair\hair_ID_0025.jpg,.\database\cropped_ff\hairtop\hairtop_ID_0025.jpg,14_PONYTAIL,shape0,short,X
.\database\cropped_ff\hair\hair_ID_0026.jpg,.\database\cropped_ff\hairtop\hairtop_ID_0026.jpg,07_LONGHAIR_WAVY,shape2,long,X
.\database\cropped_ff\hair\hair_ID_0027.jpg,.\database\cropped_ff\hairtop\hairtop_ID_0027.jpg,06_LONGHAIR_STRAIGHT,shape3,long,X
.\database\cropped_ff\hair\hair_ID_0028.jpg,.\database\cropped_ff\hairtop\hairtop_ID_0028.jpg,06_LONGHAIR_STRAIGHT,shape3,long,X
.\database\cropped_ff\hair\hair_ID_0029.jpg,.\database\cropped_ff\hairtop\hairtop_ID_0029.jpg,03_BUN,shape0,short,X
.\database\cropped_ff\hair\hair_ID_0030.jpg,.\database\cropped_ff\hairtop\hairtop_ID_0030.jpg,06_LONGHAIR_STRAIGHT,shape3,long,X
.\database\cropped_ff\hair\hair_ID_0031.jpg,.\database\cropped_ff\hairtop\hairtop_ID_0031.jpg,14_PONYTAIL,shape0,short,X
.\database\cropped_ff\hair\hair_ID_0032.jpg,.\database\cropped_ff\hairtop\hairtop_ID_0032.jpg,06_LONGHAIR_STRAIGHT,shape3,long,X
.\database\cropped_ff\hair\hair_ID_0033.jpg,.\database\cropped_ff\hairtop\hairtop_ID_0033.jpg,06_LONGHAIR_STRAIGHT,shape3,long,X
.\database\cropped_ff\hair\hair_ID_0034.jpg,.\database\cropped_ff\hairtop\hairtop_ID_0034.jpg,03_BUN,shape0,short,X
.\database\cropped_ff\hair\hair_ID_0035.jpg,.\database\cropped_ff\hairtop\hairtop_ID_0035.jpg,14_PONYTAIL,shape0,short,X
.\database\cropped_ff\hair\hair_ID_0036.jpg,.\database\cropped_ff\hairtop\hairtop_ID_0036.jpg,03_BUN,shape0,short,X
.\database\cropped_ff\hair\hair_ID_0037.jpg,.\database\cropped_ff\hairtop\hairtop_ID_0037.jpg,09_MEDIUMLENGTH_STRAIGHT_WAVY,shape1,medium,X
.\database\cropped_ff\hair\hair_ID_0038.jpg,.\database\cropped_ff\hairtop\hairtop_ID_0038.jpg,14_PONYTAIL,shape0,short,X
.\database\cropped_ff\hair\hair_ID_0039.jpg,.\database\cropped_ff\hairtop\hairtop_ID_0039.jpg,09_MEDIUMLENGTH_STRAIGHT_WAVY,shape1,medium,X
.\database\cropped_ff\hair\hair_ID_0040.jpg,.\database\cropped_ff\hairtop\hairtop_ID_0040.jpg,03_BUN,shape0,short,X
.\database\cropped_ff\hair\hair_ID_0041.jpg,.\database\cropped_ff\hairtop\hairtop_ID_0041.jpg,06_LONGHAIR_STRAIGHT,shape3,long,X
.\database\cropped_ff\hair\hair_ID_0042.jpg,.\database\cropped_ff\hairtop\hairtop_ID_0042.jpg,06_LONGHAIR_STRAIGHT,shape3,long,X
.\database\cropped_ff\hair\hair_ID_0043.jpg,.\database\cropped_ff\hairtop\hairtop_ID_0043.jpg,06_LONGHAIR_STRAIGHT,shape3,long,X
.\database\cropped_ff\hair\hair_ID_0044.jpg,.\database\cropped_ff\hairtop\hairtop_ID_0044.jpg,06_LONGHAIR_STRAIGHT,shape3,long,X
.\database\cropped_ff\hair\hair_ID_0045.jpg,.\database\cropped_ff\hairtop\hairtop_ID_0045.jpg,06_LONGHAIR_STRAIGHT,shape3,long,X
.\database\cropped_ff\hair\hair_ID_0046.jpg,.\database\cropped_ff\hairtop\hairtop_ID_0046.jpg,06_LONGHAIR_STRAIGHT,shape3,long,X
.\database\cropped_ff\hair\hair_ID_0047.jpg,.\database\cropped_ff\hairtop\hairtop_ID_0047.jpg,06_LONGHAIR_STRAIGHT,shape3,long,X
.\database\cropped_ff\hair\hair_ID_0048.jpg,.\database\cropped_ff\hairtop\hairtop_ID_0048.jpg,06_LONGHAIR_STRAIGHT,shape3,long,X
.\database\cropped_ff\hair\hair_ID_0049.jpg,.\database\cropped_ff\hairtop\hairtop_ID_0049.jpg,07_LONGHAIR_WAVY,shape2,long,X
.\database\cropped_ff\hair\hair_ID_0050.jpg,.\database\cropped_ff\hairtop\hairtop_ID_0050.jpg,06_LONGHAIR_STRAIGHT,shape3,long,X
.\database\cropped_ff\hair\hair_ID_0051.jpg,.\database\cropped_ff\hairtop\hairtop_ID_0051.jpg,06_LONGHAIR_STRAIGHT,shape3,long,X
.\database\cropped_ff\hair\hair_ID_0052.jpg,.\database\cropped_ff\hairtop\hairtop_ID_0052.jpg,03_BUN,shape0,short,X
.\database\cropped_ff\hair\hair_ID_0053.jpg,.\database\cropped_ff\hairtop\hairtop_ID_0053.jpg,06_LONGHAIR_STRAIGHT,shape3,long,X
.\database\cropped_ff\hair\hair_ID_0054.jpg,.\database\cropped_ff\hairtop\hairtop_ID_0054.jpg,06_LONGHAIR_STRAIGHT,shape3,long,X
.\database\cropped_ff\hair\hair_ID_0055.jpg,.\database\cropped_ff\hairtop\hairtop_ID_0055.jpg,06_LONGHAIR_STRAIGHT,shape3,long,X
.\database\cropped_ff\hair\hair_ID_0056.jpg,.\database\cropped_ff\hairtop\hairtop_ID_0056.jpg,06_LONGHAIR_STRAIGHT,shape3,long,X
.\database\cropped_ff\hair\hair_ID_0057.jpg,.\database\cropped_ff\hairtop\hairtop_ID_0057.jpg,10_MOHAWK,shape5,short,X
.\database\cropped_ff\hair\hair_ID_0058.jpg,.\database\cropped_ff\hairtop\hairtop_ID_0058.jpg,02_BOB_STRAIGHT_WAVY,shape1,medium,X
.\database\cropped_ff\hair\hair_ID_0059.jpg,.\database\cropped_ff\hairtop\hairtop_ID_0059.jpg,14_PONYTAIL,shape0,short,X
.\database\cropped_ff\hair\hair_ID_0060.jpg,.\database\cropped_ff\hairtop\hairtop_ID_0060.jpg,10_MOHAWK,shape5,short,X
.\database\cropped_ff\hair\hair_ID_0061.jpg,.\database\cropped_ff\hairtop\hairtop_ID_0061.jpg,00_BALD,shape0,short,X
.\database\cropped_ff\hair\hair_ID_0062.jpg,.\database\cropped_ff\hairtop\hairtop_ID_0062.jpg,11_PIXIECUT_STRAIGHT,shape5,short,X
.\database\cropped_ff\hair\hair_ID_0063.jpg,.\database\cropped_ff\hairtop\hairtop_ID_0063.jpg,17_PIXIECUT_STRAIGHT,shape5,short,X
.\database\cropped_ff\hair\hair_ID_0064.jpg,.\database\cropped_ff\hairtop\hairtop_ID_0064.jpg,10_MOHAWK,shape5,short,X
.\database\cropped_ff\hair\hair_ID_0065.jpg,.\database\cropped_ff\hairtop\hairtop_ID_0065.jpg,10_MOHAWK,shape5,short,X
.\database\cropped_ff\hair\hair_ID_0066.jpg,.\database\cropped_ff\hairtop\hairtop_ID_0066.jpg,11_PIXIECUT_STRAIGHT,shape5,short,X
.\database\cropped_ff\hair\hair_ID_0067.jpg,.\database\cropped_ff\hairtop\hairtop_ID_0067.jpg,17_PIXIECUT_STRAIGHT,shape5,short,X
.\database\cropped_ff\hair\hair_ID_0068.jpg,.\database\cropped_ff\hairtop\hairtop_ID_0068.jpg,17_PIXIECUT_STRAIGHT,shape5,short,X
.\database\cropped_ff\hair\hair_ID_0069.jpg,.\database\cropped_ff\hairtop\hairtop_ID_0069.jpg,17_PIXIECUT_STRAIGHT,shape5,short,X
.\database\cropped_ff\hair\hair_ID_0071.jpg,.\database\cropped_ff\hairtop\hairtop_ID_0071.jpg,11_PIXIECUT_STRAIGHT,shape5,short,X
.\database\cropped_ff\hair\hair_ID_0072.jpg,.\database\cropped_ff\hairtop\hairtop_ID_0072.jpg,10_MOHAWK,shape5,short,X
.\database\cropped_ff\hair\hair_ID_0073.jpg,.\database\cropped_ff\hairtop\hairtop_ID_0073.jpg,18_PIXIECUT_WAVY,shape0,short,X
.\database\cropped_ff\hair\hair_ID_0074.jpg,.\database\cropped_ff\hairtop\hairtop_ID_0074.jpg,10_MOHAWK,shape5,short,X
.\database\cropped_ff\hair\hair_ID_0076.jpg,.\database\cropped_ff\hairtop\hairtop_ID_0076.jpg,17_PIXIECUT_STRAIGHT,shape5,short,X
.\database\cropped_ff\hair\hair_ID_0077.jpg,.\database\cropped_ff\hairtop\hairtop_ID_0077.jpg,11_PIXIECUT_STRAIGHT,shape5,short,X
.\database\cropped_ff\hair\hair_ID_0079.jpg,.\database\cropped_ff\hairtop\hairtop_ID_0079.jpg,11_PIXIECUT_STRAIGHT,shape5,short,X
.\database\cropped_ff\hair\hair_ID_0080.jpg,.\database\cropped_ff\hairtop\hairtop_ID_0080.jpg,10_MOHAWK,shape5,short,X
.\database\cropped_ff\hair\hair_ID_0081.jpg,.\database\cropped_ff\hairtop\hairtop_ID_0081.jpg,11_PIXIECUT_STRAIGHT,shape5,short,X
.\database\cropped_ff\hair\hair_ID_0082.jpg,.\database\cropped_ff\hairtop\hairtop_ID_0082.jpg,15_SHAVED,shape0,short,X
.\database\cropped_ff\hair\hair_ID_0083.jpg,.\database\cropped_ff\hairtop\hairtop_ID_0083.jpg,10_MOHAWK,shape5,short,X
.\database\cropped_ff\hair\hair_ID_0084.jpg,.\database\cropped_ff\hairtop\hairtop_ID_0084.jpg,10_MOHAWK,shape5,short,X
.\database\cropped_ff\hair\hair_ID_0085.jpg,.\database\cropped_ff\hairtop\hairtop_ID_0085.jpg,17_PIXIECUT_STRAIGHT,shape5,short,X
.\database\cropped_ff\hair\hair_ID_0086.jpg,.\database\cropped_ff\hairtop\hairtop_ID_0086.jpg,10_MOHAWK,shape5,short,X
.\database\cropped_ff\hair\hair_ID_0087.jpg,.\database\cropped_ff\hairtop\hairtop_ID_0087.jpg,03_BUN,shape0,short,X
.\database\cropped_ff\hair\hair_ID_0088.jpg,.\database\cropped_ff\hairtop\hairtop_ID_0088.jpg,18_PIXIECUT_WAVY,shape0,short,X
.\database\cropped_ff\hair\hair_ID_0089.jpg,.\database\cropped_ff\hairtop\hairtop_ID_0089.jpg,17_PIXIECUT_STRAIGHT,shape5,short,X
.\database\cropped_ff\hair\hair_ID_0090.jpg,.\database\cropped_ff\hairtop\hairtop_ID_0090.jpg,15_SHAVED,shape0,short,X
.\database\cropped_ff\hair\hair_ID_0091.jpg,.\database\cropped_ff\hairtop\hairtop_ID_0091.jpg,17_PIXIECUT_STRAIGHT,shape5,short,X
.\database\cropped_ff\hair\hair_ID_0092.jpg,.\database\cropped_ff\hairtop\hairtop_ID_0092.jpg,04_DREADLOCKS,shape1,medium,X
.\database\cropped_ff\hair\hair_ID_0093.jpg,.\database\cropped_ff\hairtop\hairtop_ID_0093.jpg,11_PIXIECUT_STRAIGHT,shape5,short,X
.\database\cropped_ff\hair\hair_ID_0094.jpg,.\database\cropped_ff\hairtop\hairtop_ID_0094.jpg,10_MOHAWK,shape5,short,X
.\database\cropped_ff\hair\hair_ID_0095.jpg,.\database\cropped_ff\hairtop\hairtop_ID_0095.jpg,10_MOHAWK,shape5,short,X
.\database\cropped_ff\hair\hair_ID_0096.jpg,.\database\cropped_ff\hairtop\hairtop_ID_0096.jpg,10_MOHAWK,shape5,short,X
.\database\cropped_ff\hair\hair_ID_0097.jpg,.\database\cropped_ff\hairtop\hairtop_ID_0097.jpg,10_MOHAWK,shape5,short,X
.\database\cropped_ff\hair\hair_ID_0098.jpg,.\database\cropped_ff\hairtop\hairtop_ID_0098.jpg,11_PIXIECUT_STRAIGHT,shape5,short,X
.\database\cropped_ff\hair\hair_ID_0099.jpg,.\database\cropped_ff\hairtop\hairtop_ID_0099.jpg,11_PIXIECUT_STRAIGHT,shape5,short,X
.\database\cropped_ff\hair\hair_ID_0101.jpg,.\database\cropped_ff\hairtop\hairtop_ID_0101.jpg,04_DREADLOCKS,shape1,medium,X
.\database\cropped_ff\hair\hair_ID_0103.jpg,.\database\cropped_ff\hairtop\hairtop_ID_0103.jpg,10_MOHAWK,shape5,short,X
.\database\cropped_ff\hair\hair_ID_0105.jpg,.\database\cropped_ff\hairtop\hairtop_ID_0105.jpg,13_PIXIECUT_WAVY,shape5,short,X
.\database\cropped_ff\hair\hair_ID_0106.jpg,.\database\cropped_ff\hairtop\hairtop_ID_0106.jpg,10_MOHAWK,shape5,short,X
.\database\cropped_ff\hair\hair_ID_0107.jpg,.\database\cropped_ff\hairtop\hairtop_ID_0107.jpg,13_PIXIECUT_WAVY,shape5,short,X
.\database\cropped_ff\hair\hair_ID_0108.jpg,.\database\cropped_ff\hairtop\hairtop_ID_0108.jpg,13_PIXIECUT_WAVY,shape5,short,X
.\database\cropped_ff\hair\hair_ID_0110.jpg,.\database\cropped_ff\hairtop\hairtop_ID_0110.jpg,09_MEDIUMLENGTH_STRAIGHT_WAVY,shape1,medium,X
.\database\cropped_ff\hair\hair_ID_0111.jpg,.\database\cropped_ff\hairtop\hairtop_ID_0111.jpg,14_PONYTAIL,shape0,short,X
.\database\cropped_ff\hair\hair_ID_0112.jpg,.\database\cropped_ff\hairtop\hairtop_ID_0112.jpg,14_PONYTAIL,shape0,short,X
.\database\cropped_ff\hair\hair_ID_0113.jpg,.\database\cropped_ff\hairtop\hairtop_ID_0113.jpg,14_PONYTAIL,shape0,short,X
.\database\cropped_ff\hair\hair_ID_0114.jpg,.\database\cropped_ff\hairtop\hairtop_ID_0114.jpg,14_PONYTAIL,shape0,short,X
.\database\cropped_ff\hair\hair_ID_0115.jpg,.\database\cropped_ff\hairtop\hairtop_ID_0115.jpg,03_BUN,shape0,short,X
.\database\cropped_ff\hair\hair_ID_0116.jpg,.\database\cropped_ff\hairtop\hairtop_ID_0116.jpg,01_BOB_COILY_CURLY,shape5,afro,X
.\database\cropped_ff\hair\hair_ID_0117.jpg,.\database\cropped_ff\hairtop\hairtop_ID_0117.jpg,14_PONYTAIL,shape0,short,X
.\database\cropped_ff\hair\hair_ID_0118.jpg,.\database\cropped_ff\hairtop\hairtop_ID_0118.jpg,06_LONGHAIR_STRAIGHT,shape3,long,X
.\database\cropped_ff\hair\hair_ID_0120.jpg,.\database\cropped_ff\hairtop\hairtop_ID_0120.jpg,03_BUN,shape0,short,X
.\database\cropped_ff\hair\hair_ID_0121.jpg,.\database\cropped_ff\hairtop\hairtop_ID_0121.jpg,03_BUN,shape0,short,X
.\database\cropped_ff\hair\hair_ID_0122.jpg,.\database\cropped_ff\hairtop\hairtop_ID_0122.jpg,03_BUN,shape0,short,X
.\database\cropped_ff\hair\hair_ID_0123.jpg,.\database\cropped_ff\hairtop\hairtop_ID_0123.jpg,01_BOB_COILY_CURLY,shape5,afro,X
.\database\cropped_ff\hair\hair_ID_0124.jpg,.\database\cropped_ff\hairtop\hairtop_ID_0124.jpg,09_MEDIUMLENGTH_STRAIGHT_WAVY,shape1,medium,X
.\database\cropped_ff\hair\hair_ID_0125.jpg,.\database\cropped_ff\hairtop\hairtop_ID_0125.jpg,03_BUN,shape0,short,X
.\database\cropped_ff\hair\hair_ID_0126.jpg,.\database\cropped_ff\hairtop\hairtop_ID_0126.jpg,02_BOB_STRAIGHT_WAVY,shape1,medium,X
.\database\cropped_ff\hair\hair_ID_0127.jpg,.\database\cropped_ff\hairtop\hairtop_ID_0127.jpg,03_BUN,shape0,short,X
.\database\cropped_ff\hair\hair_ID_0128.jpg,.\database\cropped_ff\hairtop\hairtop_ID_0128.jpg,14_PONYTAIL,shape0,short,X
.\database\cropped_ff\hair\hair_ID_0129.jpg,.\database\cropped_ff\hairtop\hairtop_ID_0129.jpg,02_BOB_STRAIGHT_WAVY,shape1,medium,X
.\database\cropped_ff\hair\hair_ID_0130.jpg,.\database\cropped_ff\hairtop\hairtop_ID_0130.jpg,09_MEDIUMLENGTH_STRAIGHT_WAVY,shape1,medium,X
.\database\cropped_ff\hair\hair_ID_0131.jpg,.\database\cropped_ff\hairtop\hairtop_ID_0131.jpg,14_PONYTAIL,shape0,short,X
.\database\cropped_ff\hair\hair_ID_0134.jpg,.\database\cropped_ff\hairtop\hairtop_ID_0134.jpg,03_BUN,shape0,short,X
.\database\cropped_ff\hair\hair_ID_0136.jpg,.\database\cropped_ff\hairtop\hairtop_ID_0136.jpg,02_BOB_STRAIGHT_WAVY,shape1,medium,X
.\database\cropped_ff\hair\hair_ID_0137.jpg,.\database\cropped_ff\hairtop\hairtop_ID_0137.jpg,09_MEDIUMLENGTH_STRAIGHT_WAVY,shape1,medium,X
.\database\cropped_ff\hair\hair_ID_0138.jpg,.\database\cropped_ff\hairtop\hairtop_ID_0138.jpg,12_PIXIECUT_COILY,shape5,short,X
.\database\cropped_ff\hair\hair_ID_0140.jpg,.\database\cropped_ff\hairtop\hairtop_ID_0140.jpg,03_BUN,shape0,short,X
.\database\cropped_ff\hair\hair_ID_0141.jpg,.\database\cropped_ff\hairtop\hairtop_ID_0141.jpg,12_PIXIECUT_COILY,shape5,short,X
.\database\cropped_ff\hair\hair_ID_0142.jpg,.\database\cropped_ff\hairtop\hairtop_ID_0142.jpg,09_MEDIUMLENGTH_STRAIGHT_WAVY,shape1,medium,X
.\database\cropped_ff\hair\hair_ID_0143.jpg,.\database\cropped_ff\hairtop\hairtop_ID_0143.jpg,14_PONYTAIL,shape0,short,X
.\database\cropped_ff\hair\hair_ID_0145.jpg,.\database\cropped_ff\hairtop\hairtop_ID_0145.jpg,14_PONYTAIL,shape0,short,X
.\database\cropped_ff\hair\hair_ID_0146.jpg,.\database\cropped_ff\hairtop\hairtop_ID_0146.jpg,14_PONYTAIL,shape0,short,X
.\database\cropped_ff\hair\hair_ID_0147.jpg,.\database\cropped_ff\hairtop\hairtop_ID_0147.jpg,14_PONYTAIL,shape0,short,X
.\database\cropped_ff\hair\hair_ID_0148.jpg,.\database\cropped_ff\hairtop\hairtop_ID_0148.jpg,14_PONYTAIL,shape0,short,X
.\database\cropped_ff\hair\hair_ID_0149.jpg,.\database\cropped_ff\hairtop\hairtop_ID_0149.jpg,03_BUN,shape0,short,X
.\database\cropped_ff\hair\hair_ID_0150.jpg,.\database\cropped_ff\hairtop\hairtop_ID_0150.jpg,14_PONYTAIL,shape0,short,X
.\database\cropped_ff\hair\hair_ID_0151.jpg,.\database\cropped_ff\hairtop\hairtop_ID_0151.jpg,12_PIXIECUT_COILY,shape5,short,X
.\database\cropped_ff\hair\hair_ID_0152.jpg,.\database\cropped_ff\hairtop\hairtop_ID_0152.jpg,14_PONYTAIL,shape0,short,X
.\database\cropped_ff\hair\hair_ID_0153.jpg,.\database\cropped_ff\hairtop\hairtop_ID_0153.jpg,06_LONGHAIR_STRAIGHT,shape3,long,X
.\database\cropped_ff\hair\hair_ID_0154.jpg,.\database\cropped_ff\hairtop\hairtop_ID_0154.jpg,03_BUN,shape0,short,X
.\database\cropped_ff\hair\hair_ID_0155.jpg,.\database\cropped_ff\hairtop\hairtop_ID_0155.jpg,14_PONYTAIL,shape0,short,X
.\database\cropped_ff\hair\hair_ID_0156.jpg,.\database\cropped_ff\hairtop\hairtop_ID_0156.jpg,12_PIXIECUT_COILY,shape5,short,X
.\database\cropped_ff\hair\hair_ID_0157.jpg,.\database\cropped_ff\hairtop\hairtop_ID_0157.jpg,14_PONYTAIL,shape0,short,X
.\database\cropped_ff\hair\hair_ID_0158.jpg,.\database\cropped_ff\hairtop\hairtop_ID_0158.jpg,06_LONGHAIR_STRAIGHT,shape3,long,X
.\database\cropped_ff\hair\hair_ID_0159.jpg,.\database\cropped_ff\hairtop\hairtop_ID_0159.jpg,03_BUN,shape0,short,X
.\database\cropped_ff\hair\hair_ID_0160.jpg,.\database\cropped_ff\hairtop\hairtop_ID_0160.jpg,09_MEDIUMLENGTH_STRAIGHT_WAVY,shape1,medium,X
.\database\cropped_ff\hair\hair_ID_0161.jpg,.\database\cropped_ff\hairtop\hairtop_ID_0161.jpg,08_MEDIUM_LENGTH_COILY_CURLY,shape4,afro,X
.\database\cropped_ff\hair\hair_ID_0162.jpg,.\database\cropped_ff\hairtop\hairtop_ID_0162.jpg,14_PONYTAIL,shape0,short,X
.\database\cropped_ff\hair\hair_ID_0163.jpg,.\database\cropped_ff\hairtop\hairtop_ID_0163.jpg,14_PONYTAIL,shape0,short,X
.\database\cropped_ff\hair\hair_ID_0164.jpg,.\database\cropped_ff\hairtop\hairtop_ID_0164.jpg,14_PONYTAIL,shape0,short,X
.\database\cropped_ff\hair\hair_ID_0165.jpg,.\database\cropped_ff\hairtop\hairtop_ID_0165.jpg,05_LONGHAIR_CURLY,shape2,long,X
.\database\cropped_ff\hair\hair_ID_0166.jpg,.\database\cropped_ff\hairtop\hairtop_ID_0166.jpg,03_BUN,shape0,short,X
.\database\cropped_ff\hair\hair_ID_0167.jpg,.\database\cropped_ff\hairtop\hairtop_ID_0167.jpg,01_BOB_COILY_CURLY,shape5,afro,X
.\database\cropped_ff\hair\hair_ID_0169.jpg,.\database\cropped_ff\hairtop\hairtop_ID_0169.jpg,12_PIXIECUT_COILY,shape5,short,X
.\database\cropped_ff\hair\hair_ID_0170.jpg,.\database\cropped_ff\hairtop\hairtop_ID_0170.jpg,12_PIXIECUT_COILY,shape5,short,X
.\database\cropped_ff\hair\hair_ID_0171.jpg,.\database\cropped_ff\hairtop\hairtop_ID_0171.jpg,05_LONGHAIR_CURLY,shape2,long,X
.\database\cropped_ff\hair\hair_ID_0172.jpg,.\database\cropped_ff\hairtop\hairtop_ID_0172.jpg,03_BUN,shape0,short,X
.\database\cropped_ff\hair\hair_ID_0173.jpg,.\database\cropped_ff\hairtop\hairtop_ID_0173.jpg,03_BUN,shape0,short,X
.\database\cropped_ff\hair\hair_ID_0174.jpg,.\database\cropped_ff\hairtop\hairtop_ID_0174.jpg,09_MEDIUMLENGTH_STRAIGHT_WAVY,shape1,medium,X
.\database\cropped_ff\hair\hair_ID_0175.jpg,.\database\cropped_ff\hairtop\hairtop_ID_0175.jpg,08_MEDIUM_LENGTH_COILY_CURLY,shape4,afro,X
.\database\cropped_ff\hair\hair_ID_0176.jpg,.\database\cropped_ff\hairtop\hairtop_ID_0176.jpg,03_BUN,shape0,short,X
.\database\cropped_ff\hair\hair_ID_0177.jpg,.\database\cropped_ff\hairtop\hairtop_ID_0177.jpg,14_PONYTAIL,shape0,short,X
.\database\cropped_ff\hair\hair_ID_0178.jpg,.\database\cropped_ff\hairtop\hairtop_ID_0178.jpg,09_MEDIUMLENGTH_STRAIGHT_WAVY,shape1,medium,X
.\database\cropped_ff\hair\hair_ID_0179.jpg,.\database\cropped_ff\hairtop\hairtop_ID_0179.jpg,14_PONYTAIL,shape0,short,X
.\database\cropped_ff\hair\hair_ID_0180.jpg,.\database\cropped_ff\hairtop\hairtop_ID_0180.jpg,08_MEDIUM_LENGTH_COILY_CURLY,shape4,afro,X
.\database\cropped_ff\hair\hair_ID_0181.jpg,.\database\cropped_ff\hairtop\hairtop_ID_0181.jpg,14_PONYTAIL,shape0,short,X
.\database\cropped_ff\hair\hair_ID_0182.jpg,.\database\cropped_ff\hairtop\hairtop_ID_0182.jpg,14_PONYTAIL,shape0,short,X
.\database\cropped_ff\hair\hair_ID_0183.jpg,.\database\cropped_ff\hairtop\hairtop_ID_0183.jpg,01_BOB_COILY_CURLY,shape5,afro,X
.\database\cropped_ff\hair\hair_ID_0184.jpg,.\database\cropped_ff\hairtop\hairtop_ID_0184.jpg,12_PIXIECUT_COILY,shape5,short,X
.\database\cropped_ff\hair\hair_ID_0185.jpg,.\database\cropped_ff\hairtop\hairtop_ID_0185.jpg,09_MEDIUMLENGTH_STRAIGHT_WAVY,shape1,medium,X
.\database\cropped_ff\hair\hair_ID_0186.jpg,.\database\cropped_ff\hairtop\hairtop_ID_0186.jpg,01_BOB_COILY_CURLY,shape5,afro,X
.\database\cropped_ff\hair\hair_ID_0187.jpg,.\database\cropped_ff\hairtop\hairtop_ID_0187.jpg,09_MEDIUMLENGTH_STRAIGHT_WAVY,shape1,medium,X
.\database\cropped_ff\hair\hair_ID_0188.jpg,.\database\cropped_ff\hairtop\hairtop_ID_0188.jpg,16_PIXIECUT_COILY_CURLY,shape0,short,X
.\database\cropped_ff\hair\hair_ID_0189.jpg,.\database\cropped_ff\hairtop\hairtop_ID_0189.jpg,07_LONGHAIR_WAVY,shape2,long,X
.\database\cropped_ff\hair\hair_ID_0190.jpg,.\database\cropped_ff\hairtop\hairtop_ID_0190.jpg,06_LONGHAIR_STRAIGHT,shape3,long,X
.\database\cropped_ff\hair\hair_ID_0191.jpg,.\database\cropped_ff\hairtop\hairtop_ID_0191.jpg,06_LONGHAIR_STRAIGHT,shape3,long,X
.\database\cropped_ff\hair\hair_ID_0193.jpg,.\database\cropped_ff\hairtop\hairtop_ID_0193.jpg,09_MEDIUMLENGTH_STRAIGHT_WAVY,shape1,medium,X
.\database\cropped_ff\hair\hair_ID_0194.jpg,.\database\cropped_ff\hairtop\hairtop_ID_0194.jpg,03_BUN,shape0,short,X
.\database\cropped_ff\hair\hair_ID_0195.jpg,.\database\cropped_ff\hairtop\hairtop_ID_0195.jpg,13_PIXIECUT_WAVY,shape5,short,X
.\database\cropped_ff\hair\hair_ID_0196.jpg,.\database\cropped_ff\hairtop\hairtop_ID_0196.jpg,01_BOB_COILY_CURLY,shape5,afro,X
.\database\cropped_ff\hair\hair_ID_0197.jpg,.\database\cropped_ff\hairtop\hairtop_ID_0197.jpg,05_LONGHAIR_CURLY,shape2,long,X
.\database\cropped_ff\hair\hair_ID_0198.jpg,.\database\cropped_ff\hairtop\hairtop_ID_0198.jpg,09_MEDIUMLENGTH_STRAIGHT_WAVY,shape1,medium,X
.\database\cropped_ff\hair\hair_ID_0199.jpg,.\database\cropped_ff\hairtop\hairtop_ID_0199.jpg,11_PIXIECUT_STRAIGHT,shape5,short,X
.\database\cropped_ff\hair\hair_ID_0200.jpg,.\database\cropped_ff\hairtop\hairtop_ID_0200.jpg,07_LONGHAIR_WAVY,shape2,long,X
.\database\cropped_ff\hair\hair_ID_0201.jpg,.\database\cropped_ff\hairtop\hairtop_ID_0201.jpg,06_LONGHAIR_STRAIGHT,shape3,long,X
.\database\cropped_ff\hair\hair_ID_0202.jpg,.\database\cropped_ff\hairtop\hairtop_ID_0202.jpg,14_PONYTAIL,shape0,short,X
.\database\cropped_ff\hair\hair_ID_0203.jpg,.\database\cropped_ff\hairtop\hairtop_ID_0203.jpg,05_LONGHAIR_CURLY,shape2,long,X
.\database\cropped_ff\hair\hair_ID_0204.jpg,.\database\cropped_ff\hairtop\hairtop_ID_0204.jpg,07_LONGHAIR_WAVY,shape2,long,X
.\database\cropped_ff\hair\hair_ID_0205.jpg,.\database\cropped_ff\hairtop\hairtop_ID_0205.jpg,05_LONGHAIR_CURLY,shape2,long,X
.\database\cropped_ff\hair\hair_ID_0206.jpg,.\database\cropped_ff\hairtop\hairtop_ID_0206.jpg,01_BOB_COILY_CURLY,shape5,afro,X
.\database\cropped_ff\hair\hair_ID_0207.jpg,.\database\cropped_ff\hairtop\hairtop_ID_0207.jpg,06_LONGHAIR_STRAIGHT,shape3,long,X
.\database\cropped_ff\hair\hair_ID_0208.jpg,.\database\cropped_ff\hairtop\hairtop_ID_0208.jpg,01_BOB_COILY_CURLY,shape5,afro,X
.\database\cropped_ff\hair\hair_ID_0209.jpg,.\database\cropped_ff\hairtop\hairtop_ID_0209.jpg,14_PONYTAIL,shape0,short,X
.\database\cropped_ff\hair\hair_ID_0211.jpg,.\database\cropped_ff\hairtop\hairtop_ID_0211.jpg,14_PONYTAIL,shape0,short,X
.\database\cropped_ff\hair\hair_ID_0212.jpg,.\database\cropped_ff\hairtop\hairtop_ID_0212.jpg,03_BUN,shape0,short,X
.\database\cropped_ff\hair\hair_ID_0213.jpg,.\database\cropped_ff\hairtop\hairtop_ID_0213.jpg,15_SHAVED,shape0,short,X
.\database\cropped_ff\hair\hair_ID_0214.jpg,.\database\cropped_ff\hairtop\hairtop_ID_0214.jpg,15_SHAVED,shape0,short,X
.\database\cropped_ff\hair\hair_ID_0215.jpg,.\database\cropped_ff\hairtop\hairtop_ID_0215.jpg,16_PIXIECUT_COILY_CURLY,shape0,short,X
.\database\cropped_ff\hair\hair_ID_0216.jpg,.\database\cropped_ff\hairtop\hairtop_ID_0216.jpg,16_PIXIECUT_COILY_CURLY,shape0,short,X
.\database\cropped_ff\hair\hair_ID_0217.jpg,.\database\cropped_ff\hairtop\hairtop_ID_0217.jpg,16_PIXIECUT_COILY_CURLY,shape0,short,X
.\database\cropped_ff\hair\hair_ID_0218.jpg,.\database\cropped_ff\hairtop\hairtop_ID_0218.jpg,16_PIXIECUT_COILY_CURLY,shape0,short,X
.\database\cropped_ff\hair\hair_ID_0219.jpg,.\database\cropped_ff\hairtop\hairtop_ID_0219.jpg,16_PIXIECUT_COILY_CURLY,shape0,short,X
.\database\cropped_ff\hair\hair_ID_0220.jpg,.\database\cropped_ff\hairtop\hairtop_ID_0220.jpg,16_PIXIECUT_COILY_CURLY,shape0,short,X
.\database\cropped_ff\hair\hair_ID_0221.jpg,.\database\cropped_ff\hairtop\hairtop_ID_0221.jpg,15_SHAVED,shape0,short,X
.\database\cropped_ff\hair\hair_ID_0222.jpg,.\database\cropped_ff\hairtop\hairtop_ID_0222.jpg,16_PIXIECUT_COILY_CURLY,shape0,short,X
.\database\cropped_ff\hair\hair_ID_0223.jpg,.\database\cropped_ff\hairtop\hairtop_ID_0223.jpg,00_BALD,shape0,short,X
.\database\cropped_ff\hair\hair_ID_0224.jpg,.\database\cropped_ff\hairtop\hairtop_ID_0224.jpg,16_PIXIECUT_COILY_CURLY,shape0,short,X
.\database\cropped_ff\hair\hair_ID_0225.jpg,.\database\cropped_ff\hairtop\hairtop_ID_0225.jpg,16_PIXIECUT_COILY_CURLY,shape0,short,X
.\database\cropped_ff\hair\hair_ID_0226.jpg,.\database\cropped_ff\hairtop\hairtop_ID_0226.jpg,16_PIXIECUT_COILY_CURLY,shape0,short,X
.\database\cropped_ff\hair\hair_ID_0227.jpg,.\database\cropped_ff\hairtop\hairtop_ID_0227.jpg,16_PIXIECUT_COILY_CURLY,shape0,short,X
.\database\cropped_ff\hair\hair_ID_0228.jpg,.\database\cropped_ff\hairtop\hairtop_ID_0228.jpg,15_SHAVED,shape0,short,X
.\database\cropped_ff\hair\hair_ID_0229.jpg,.\database\cropped_ff\hairtop\hairtop_ID_0229.jpg,15_SHAVED,shape0,short,X
.\database\cropped_ff\hair\hair_ID_0230.jpg,.\database\cropped_ff\hairtop\hairtop_ID_0230.jpg,16_PIXIECUT_COILY_CURLY,shape0,short,X
.\database\cropped_ff\hair\hair_ID_0231.jpg,.\database\cropped_ff\hairtop\hairtop_ID_0231.jpg,12_PIXIECUT_COILY,shape5,short,X
.\database\cropped_ff\hair\hair_ID_0232.jpg,.\database\cropped_ff\hairtop\hairtop_ID_0232.jpg,12_PIXIECUT_COILY,shape5,short,X
.\database\cropped_ff\hair\hair_ID_0233.jpg,.\database\cropped_ff\hairtop\hairtop_ID_0233.jpg,00_BALD,shape0,short,X
.\database\cropped_ff\hair\hair_ID_0234.jpg,.\database\cropped_ff\hairtop\hairtop_ID_0234.jpg,16_PIXIECUT_COILY_CURLY,shape0,short,X
.\database\cropped_ff\hair\hair_ID_0235.jpg,.\database\cropped_ff\hairtop\hairtop_ID_0235.jpg,16_PIXIECUT_COILY_CURLY,shape0,short,X
.\database\cropped_ff\hair\hair_ID_0236.jpg,.\database\cropped_ff\hairtop\hairtop_ID_0236.jpg,15_SHAVED,shape0,short,X
.\database\cropped_ff\hair\hair_ID_0237.jpg,.\database\cropped_ff\hairtop\hairtop_ID_0237.jpg,15_SHAVED,shape0,short,X
.\database\cropped_ff\hair\hair_ID_0238.jpg,.\database\cropped_ff\hairtop\hairtop_ID_0238.jpg,16_PIXIECUT_COILY_CURLY,shape0,short,X
.\database\cropped_ff\hair\hair_ID_0239.jpg,.\database\cropped_ff\hairtop\hairtop_ID_0239.jpg,11_PIXIECUT_STRAIGHT,shape5,short,X
.\database\cropped_ff\hair\hair_ID_0240.jpg,.\database\cropped_ff\hairtop\hairtop_ID_0240.jpg,00_BALD,shape0,short,X
.\database\cropped_ff\hair\hair_ID_0241.jpg,.\database\cropped_ff\hairtop\hairtop_ID_0241.jpg,16_PIXIECUT_COILY_CURLY,shape0,short,X
.\database\cropped_ff\hair\hair_ID_0242.jpg,.\database\cropped_ff\hairtop\hairtop_ID_0242.jpg,15_SHAVED,shape0,short,X
.\database\cropped_ff\hair\hair_ID_0243.jpg,.\database\cropped_ff\hairtop\hairtop_ID_0243.jpg,00_BALD,shape0,short,X
.\database\cropped_ff\hair\hair_ID_0244.jpg,.\database\cropped_ff\hairtop\hairtop_ID_0244.jpg,15_SHAVED,shape0,short,X
.\database\cropped_ff\hair\hair_ID_0246.jpg,.\database\cropped_ff\hairtop\hairtop_ID_0246.jpg,16_PIXIECUT_COILY_CURLY,shape0,short,X
.\database\cropped_ff\hair\hair_ID_0247.jpg,.\database\cropped_ff\hairtop\hairtop_ID_0247.jpg,00_BALD,shape0,short,X
.\database\cropped_ff\hair\hair_ID_0248.jpg,.\database\cropped_ff\hairtop\hairtop_ID_0248.jpg,16_PIXIECUT_COILY_CURLY,shape0,short,X
.\database\cropped_ff\hair\hair_ID_0249.jpg,.\database\cropped_ff\hairtop\hairtop_ID_0249.jpg,16_PIXIECUT_COILY_CURLY,shape0,short,X
.\database\cropped_ff\hair\hair_ID_0250.jpg,.\database\cropped_ff\hairtop\hairtop_ID_0250.jpg,15_SHAVED,shape0,short,X
.\database\cropped_ff\hair\hair_ID_0251.jpg,.\database\cropped_ff\hairtop\hairtop_ID_0251.jpg,16_PIXIECUT_COILY_CURLY,shape0,short,X
.\database\cropped_ff\hair\hair_ID_0252.jpg,.\database\cropped_ff\hairtop\hairtop_ID_0252.jpg,16_PIXIECUT_COILY_CURLY,shape0,short,X
.\database\cropped_ff\hair\hair_ID_0253.jpg,.\database\cropped_ff\hairtop\hairtop_ID_0253.jpg,16_PIXIECUT_COILY_CURLY,shape0,short,X
.\database\cropped_ff\hair\hair_ID_0254.jpg,.\database\cropped_ff\hairtop\hairtop_ID_0254.jpg,16_PIXIECUT_COILY_CURLY,shape0,short,X
.\database\cropped_ff\hair\hair_ID_0255.jpg,.\database\cropped_ff\hairtop\hairtop_ID_0255.jpg,16_PIXIECUT_COILY_CURLY,shape0,short,X
.\database\cropped_ff\hair\hair_ID_0256.jpg,.\database\cropped_ff\hairtop\hairtop_ID_0256.jpg,15_SHAVED,shape0,short,X
.\database\cropped_ff\hair\hair_ID_0257.jpg,.\database\cropped_ff\hairtop\hairtop_ID_0257.jpg,12_PIXIECUT_COILY,shape5,short,X
.\database\cropped_ff\hair\hair_ID_0258.jpg,.\database\cropped_ff\hairtop\hairtop_ID_0258.jpg,16_PIXIECUT_COILY_CURLY,shape0,short,X
.\database\cropped_ff\hair\hair_ID_0259.jpg,.\database\cropped_ff\hairtop\hairtop_ID_0259.jpg,00_BALD,shape0,short,X
.\database\cropped_ff\hair\hair_ID_0260.jpg,.\database\cropped_ff\hairtop\hairtop_ID_0260.jpg,16_PIXIECUT_COILY_CURLY,shape0,short,X
.\database\cropped_ff\hair\hair_ID_0261.jpg,.\database\cropped_ff\hairtop\hairtop_ID_0261.jpg,16_PIXIECUT_COILY_CURLY,shape0,short,X
.\database\cropped_ff\hair\hair_ID_0262.jpg,.\database\cropped_ff\hairtop\hairtop_ID_0262.jpg,16_PIXIECUT_COILY_CURLY,shape0,short,X
.\database\cropped_ff\hair\hair_ID_0263.jpg,.\database\cropped_ff\hairtop\hairtop_ID_0263.jpg,16_PIXIECUT_COILY_CURLY,shape0,short,X
.\database\cropped_ff\hair\hair_ID_0264.jpg,.\database\cropped_ff\hairtop\hairtop_ID_0264.jpg,16_PIXIECUT_COILY_CURLY,shape0,short,X
.\database\cropped_ff\hair\hair_ID_0265.jpg,.\database\cropped_ff\hairtop\hairtop_ID_0265.jpg,12_PIXIECUT_COILY,shape5,short,X
.\database\cropped_ff\hair\hair_ID_0266.jpg,.\database\cropped_ff\hairtop\hairtop_ID_0266.jpg,16_PIXIECUT_COILY_CURLY,shape0,short,X
.\database\cropped_ff\hair\hair_ID_0267.jpg,.\database\cropped_ff\hairtop\hairtop_ID_0267.jpg,16_PIXIECUT_COILY_CURLY,shape0,short,X
.\database\cropped_ff\hair\hair_ID_0268.jpg,.\database\cropped_ff\hairtop\hairtop_ID_0268.jpg,16_PIXIECUT_COILY_CURLY,shape0,short,X
.\database\cropped_ff\hair\hair_ID_0269.jpg,.\database\cropped_ff\hairtop\hairtop_ID_0269.jpg,12_PIXIECUT_COILY,shape5,short,X
.\database\cropped_ff\hair\hair_ID_0270.jpg,.\database\cropped_ff\hairtop\hairtop_ID_0270.jpg,16_PIXIECUT_COILY_CURLY,shape0,short,X
.\database\cropped_ff\hair\hair_ID_0271.jpg,.\database\cropped_ff\hairtop\hairtop_ID_0271.jpg,16_PIXIECUT_COILY_CURLY,shape0,short,X
.\database\cropped_ff\hair\hair_ID_0272.jpg,.\database\cropped_ff\hairtop\hairtop_ID_0272.jpg,04_DREADLOCKS,shape1,medium,X
.\database\cropped_ff\hair\hair_ID_0273.jpg,.\database\cropped_ff\hairtop\hairtop_ID_0273.jpg,16_PIXIECUT_COILY_CURLY,shape0,short,X
.\database\cropped_ff\hair\hair_ID_0274.jpg,.\database\cropped_ff\hairtop\hairtop_ID_0274.jpg,16_PIXIECUT_COILY_CURLY,shape0,short,X
.\database\cropped_ff\hair\hair_ID_0275.jpg,.\database\cropped_ff\hairtop\hairtop_ID_0275.jpg,00_BALD,shape0,short,X
.\database\cropped_ff\hair\hair_ID_0277.jpg,.\database\cropped_ff\hairtop\hairtop_ID_0277.jpg,00_BALD,shape0,short,X
.\database\cropped_ff\hair\hair_ID_0278.jpg,.\database\cropped_ff\hairtop\hairtop_ID_0278.jpg,16_PIXIECUT_COILY_CURLY,shape0,short,X
.\database\cropped_ff\hair\hair_ID_0279.jpg,.\database\cropped_ff\hairtop\hairtop_ID_0279.jpg,16_PIXIECUT_COILY_CURLY,shape0,short,X
.\database\cropped_ff\hair\hair_ID_0280.jpg,.\database\cropped_ff\hairtop\hairtop_ID_0280.jpg,16_PIXIECUT_COILY_CURLY,shape0,short,X
.\database\cropped_ff\hair\hair_ID_0281.jpg,.\database\cropped_ff\hairtop\hairtop_ID_0281.jpg,16_PIXIECUT_COILY_CURLY,shape0,short,X
.\database\cropped_ff\hair\hair_ID_0282.jpg,.\database\cropped_ff\hairtop\hairtop_ID_0282.jpg,16_PIXIECUT_COILY_CURLY,shape0,short,X
.\database\cropped_ff\hair\hair_ID_0283.jpg,.\database\cropped_ff\hairtop\hairtop_ID_0283.jpg,12_PIXIECUT_COILY,shape5,short,X
.\database\cropped_ff\hair\hair_ID_0284.jpg,.\database\cropped_ff\hairtop\hairtop_ID_0284.jpg,16_PIXIECUT_COILY_CURLY,shape0,short,X
.\database\cropped_ff\hair\hair_ID_0285.jpg,.\database\cropped_ff\hairtop\hairtop_ID_0285.jpg,00_BALD,shape0,short,X
.\database\cropped_ff\hair\hair_ID_0286.jpg,.\database\cropped_ff\hairtop\hairtop_ID_0286.jpg,16_PIXIECUT_COILY_CURLY,shape0,short,X
.\database\cropped_ff\hair\hair_ID_0287.jpg,.\database\cropped_ff\hairtop\hairtop_ID_0287.jpg,16_PIXIECUT_COILY_CURLY,shape0,short,X
.\database\cropped_ff\hair\hair_ID_0288.jpg,.\database\cropped_ff\hairtop\hairtop_ID_0288.jpg,16_PIXIECUT_COILY_CURLY,shape0,short,X
.\database\cropped_ff\hair\hair_ID_0289.jpg,.\database\cropped_ff\hairtop\hairtop_ID_0289.jpg,16_PIXIECUT_COILY_CURLY,shape0,short,X
.\database\cropped_ff\hair\hair_ID_0290.jpg,.\database\cropped_ff\hairtop\hairtop_ID_0290.jpg,16_PIXIECUT_COILY_CURLY,shape0,short,X
.\database\cropped_ff\hair\hair_ID_0291.jpg,.\database\cropped_ff\hairtop\hairtop_ID_0291.jpg,16_PIXIECUT_COILY_CURLY,shape0,short,X
.\database\cropped_ff\hair\hair_ID_0292.jpg,.\database\cropped_ff\hairtop\hairtop_ID_0292.jpg,16_PIXIECUT_COILY_CURLY,shape0,short,X
.\database\cropped_ff\hair\hair_ID_0293.jpg,.\database\cropped_ff\hairtop\hairtop_ID_0293.jpg,15_SHAVED,shape0,short,X
.\database\cropped_ff\hair\hair_ID_0294.jpg,.\database\cropped_ff\hairtop\hairtop_ID_0294.jpg,15_SHAVED,shape0,short,X
.\database\cropped_ff\hair\hair_ID_0295.jpg,.\database\cropped_ff\hairtop\hairtop_ID_0295.jpg,00_BALD,shape0,short,X
.\database\cropped_ff\hair\hair_ID_0296.jpg,.\database\cropped_ff\hairtop\hairtop_ID_0296.jpg,00_BALD,shape0,short,X
.\database\cropped_ff\hair\hair_ID_0297.jpg,.\database\cropped_ff\hairtop\hairtop_ID_0297.jpg,16_PIXIECUT_COILY_CURLY,shape0,short,X
.\database\cropped_ff\hair\hair_ID_0298.jpg,.\database\cropped_ff\hairtop\hairtop_ID_0298.jpg,15_SHAVED,shape0,short,X
.\database\cropped_ff\hair\hair_ID_0299.jpg,.\database\cropped_ff\hairtop\hairtop_ID_0299.jpg,16_PIXIECUT_COILY_CURLY,shape0,short,X
.\database\cropped_ff\hair\hair_ID_0300.jpg,.\database\cropped_ff\hairtop\hairtop_ID_0300.jpg,16_PIXIECUT_COILY_CURLY,shape0,short,X
.\database\cropped_ff\hair\hair_ID_0301.jpg,.\database\cropped_ff\hairtop\hairtop_ID_0301.jpg,16_PIXIECUT_COILY_CURLY,shape0,short,X
.\database\cropped_ff\hair\hair_ID_0302.jpg,.\database\cropped_ff\hairtop\hairtop_ID_0302.jpg,00_BALD,shape0,short,X
.\database\cropped_ff\hair\hair_ID_0303.jpg,.\database\cropped_ff\hairtop\hairtop_ID_0303.jpg,15_SHAVED,shape0,short,X
.\database\cropped_ff\hair\hair_ID_0304.jpg,.\database\cropped_ff\hairtop\hairtop_ID_0304.jpg,00_BALD,shape0,short,X
.\database\cropped_ff\hair\hair_ID_0305.jpg,.\database\cropped_ff\hairtop\hairtop_ID_0305.jpg,08_MEDIUM_LENGTH_COILY_CURLY,shape4,afro,X
.\database\cropped_ff\hair\hair_ID_0306.jpg,.\database\cropped_ff\hairtop\hairtop_ID_0306.jpg,14_PONYTAIL,shape0,short,X
.\database\cropped_ff\hair\hair_ID_0307.jpg,.\database\cropped_ff\hairtop\hairtop_ID_0307.jpg,05_LONGHAIR_CURLY,shape2,long,X
.\database\cropped_ff\hair\hair_ID_0308.jpg,.\database\cropped_ff\hairtop\hairtop_ID_0308.jpg,06_LONGHAIR_STRAIGHT,shape3,long,X
.\database\cropped_ff\hair\hair_ID_0309.jpg,.\database\cropped_ff\hairtop\hairtop_ID_0309.jpg,14_PONYTAIL,shape0,short,X
.\database\cropped_ff\hair\hair_ID_0310.jpg,.\database\cropped_ff\hairtop\hairtop_ID_0310.jpg,06_LONGHAIR_STRAIGHT,shape3,long,X
.\database\cropped_ff\hair\hair_ID_0311.jpg,.\database\cropped_ff\hairtop\hairtop_ID_0311.jpg,03_BUN,shape0,short,X
.\database\cropped_ff\hair\hair_ID_0312.jpg,.\database\cropped_ff\hairtop\hairtop_ID_0312.jpg,03_BUN,shape0,short,X
.\database\cropped_ff\hair\hair_ID_0313.jpg,.\database\cropped_ff\hairtop\hairtop_ID_0313.jpg,04_DREADLOCKS,shape1,medium,X
.\database\cropped_ff\hair\hair_ID_0314.jpg,.\database\cropped_ff\hairtop\hairtop_ID_0314.jpg,05_LONGHAIR_CURLY,shape2,long,X
.\database\cropped_ff\hair\hair_ID_0315.jpg,.\database\cropped_ff\hairtop\hairtop_ID_0315.jpg,07_LONGHAIR_WAVY,shape2,long,X
.\database\cropped_ff\hair\hair_ID_0316.jpg,.\database\cropped_ff\hairtop\hairtop_ID_0316.jpg,03_BUN,shape0,short,X
.\database\cropped_ff\hair\hair_ID_0317.jpg,.\database\cropped_ff\hairtop\hairtop_ID_0317.jpg,06_LONGHAIR_STRAIGHT,shape3,long,X
.\database\cropped_ff\hair\hair_ID_0318.jpg,.\database\cropped_ff\hairtop\hairtop_ID_0318.jpg,06_LONGHAIR_STRAIGHT,shape3,long,X
.\database\cropped_ff\hair\hair_ID_0319.jpg,.\database\cropped_ff\hairtop\hairtop_ID_0319.jpg,03_BUN,shape0,short,X
.\database\cropped_ff\hair\hair_ID_0320.jpg,.\database\cropped_ff\hairtop\hairtop_ID_0320.jpg,03_BUN,shape0,short,X
.\database\cropped_ff\hair\hair_ID_0321.jpg,.\database\cropped_ff\hairtop\hairtop_ID_0321.jpg,03_BUN,shape0,short,X
.\database\cropped_ff\hair\hair_ID_0322.jpg,.\database\cropped_ff\hairtop\hairtop_ID_0322.jpg,03_BUN,shape0,short,X
.\database\cropped_ff\hair\hair_ID_0323.jpg,.\database\cropped_ff\hairtop\hairtop_ID_0323.jpg,14_PONYTAIL,shape0,short,X
.\database\cropped_ff\hair\hair_ID_0324.jpg,.\database\cropped_ff\hairtop\hairtop_ID_0324.jpg,14_PONYTAIL,shape0,short,X
.\database\cropped_ff\hair\hair_ID_0325.jpg,.\database\cropped_ff\hairtop\hairtop_ID_0325.jpg,03_BUN,shape0,short,X
.\database\cropped_ff\hair\hair_ID_0326.jpg,.\database\cropped_ff\hairtop\hairtop_ID_0326.jpg,03_BUN,shape0,short,X
.\database\cropped_ff\hair\hair_ID_0327.jpg,.\database\cropped_ff\hairtop\hairtop_ID_0327.jpg,03_BUN,shape0,short,X
.\database\cropped_ff\hair\hair_ID_0328.jpg,.\database\cropped_ff\hairtop\hairtop_ID_0328.jpg,03_BUN,shape0,short,X
.\database\cropped_ff\hair\hair_ID_0329.jpg,.\database\cropped_ff\hairtop\hairtop_ID_0329.jpg,03_BUN,shape0,short,X
.\database\cropped_ff\hair\hair_ID_0330.jpg,.\database\cropped_ff\hairtop\hairtop_ID_0330.jpg,06_LONGHAIR_STRAIGHT,shape3,long,X
.\database\cropped_ff\hair\hair_ID_0331.jpg,.\database\cropped_ff\hairtop\hairtop_ID_0331.jpg,03_BUN,shape0,short,X
.\database\cropped_ff\hair\hair_ID_0332.jpg,.\database\cropped_ff\hairtop\hairtop_ID_0332.jpg,06_LONGHAIR_STRAIGHT,shape3,long,X
.\database\cropped_ff\hair\hair_ID_0333.jpg,.\database\cropped_ff\hairtop\hairtop_ID_0333.jpg,04_DREADLOCKS,shape1,medium,X
.\database\cropped_ff\hair\hair_ID_0334.jpg,.\database\cropped_ff\hairtop\hairtop_ID_0334.jpg,07_LONGHAIR_WAVY,shape2,long,X
.\database\cropped_ff\hair\hair_ID_0335.jpg,.\database\cropped_ff\hairtop\hairtop_ID_0335.jpg,03_BUN,shape0,short,X
.\database\cropped_ff\hair\hair_ID_0336.jpg,.\database\cropped_ff\hairtop\hairtop_ID_0336.jpg,14_PONYTAIL,shape0,short,X
.\database\cropped_ff\hair\hair_ID_0337.jpg,.\database\cropped_ff\hairtop\hairtop_ID_0337.jpg,03_BUN,shape0,short,X
.\database\cropped_ff\hair\hair_ID_0338.jpg,.\database\cropped_ff\hairtop\hairtop_ID_0338.jpg,07_LONGHAIR_WAVY,shape2,long,X
.\database\cropped_ff\hair\hair_ID_0339.jpg,.\database\cropped_ff\hairtop\hairtop_ID_0339.jpg,03_BUN,shape0,short,X
.\database\cropped_ff\hair\hair_ID_0340.jpg,.\database\cropped_ff\hairtop\hairtop_ID_0340.jpg,03_BUN,shape0,short,X
.\database\cropped_ff\hair\hair_ID_0341.jpg,.\database\cropped_ff\hairtop\hairtop_ID_0341.jpg,06_LONGHAIR_STRAIGHT,shape3,long,X
.\database\cropped_ff\hair\hair_ID_0342.jpg,.\database\cropped_ff\hairtop\hairtop_ID_0342.jpg,05_LONGHAIR_CURLY,shape2,long,X
.\database\cropped_ff\hair\hair_ID_0343.jpg,.\database\cropped_ff\hairtop\hairtop_ID_0343.jpg,06_LONGHAIR_STRAIGHT,shape3,long,X
.\database\cropped_ff\hair\hair_ID_0344.jpg,.\database\cropped_ff\hairtop\hairtop_ID_0344.jpg,14_PONYTAIL,shape0,short,X
.\database\cropped_ff\hair\hair_ID_0345.jpg,.\database\cropped_ff\hairtop\hairtop_ID_0345.jpg,05_LONGHAIR_CURLY,shape2,long,X
.\database\cropped_ff\hair\hair_ID_0346.jpg,.\database\cropped_ff\hairtop\hairtop_ID_0346.jpg,07_LONGHAIR_WAVY,shape2,long,X
.\database\cropped_ff\hair\hair_ID_0347.jpg,.\database\cropped_ff\hairtop\hairtop_ID_0347.jpg,14_PONYTAIL,shape0,short,X
.\database\cropped_ff\hair\hair_ID_0348.jpg,.\database\cropped_ff\hairtop\hairtop_ID_0348.jpg,14_PONYTAIL,shape0,short,X
.\database\cropped_ff\hair\hair_ID_0349.jpg,.\database\cropped_ff\hairtop\hairtop_ID_0349.jpg,07_LONGHAIR_WAVY,shape2,long,X
.\database\cropped_ff\hair\hair_ID_0350.jpg,.\database\cropped_ff\hairtop\hairtop_ID_0350.jpg,06_LONGHAIR_STRAIGHT,shape3,long,X
.\database\cropped_ff\hair\hair_ID_0351.jpg,.\database\cropped_ff\hairtop\hairtop_ID_0351.jpg,06_LONGHAIR_STRAIGHT,shape3,long,X
.\database\cropped_ff\hair\hair_ID_0352.jpg,.\database\cropped_ff\hairtop\hairtop_ID_0352.jpg,06_LONGHAIR_STRAIGHT,shape3,long,X
.\database\cropped_ff\hair\hair_ID_0353.jpg,.\database\cropped_ff\hairtop\hairtop_ID_0353.jpg,07_LONGHAIR_WAVY,shape2,long,X
.\database\cropped_ff\hair\hair_ID_0354.jpg,.\database\cropped_ff\hairtop\hairtop_ID_0354.jpg,07_LONGHAIR_WAVY,shape2,long,X
.\database\cropped_ff\hair\hair_ID_0355.jpg,.\database\cropped_ff\hairtop\hairtop_ID_0355.jpg,14_PONYTAIL,shape0,short,X
.\database\cropped_ff\hair\hair_ID_0356.jpg,.\database\cropped_ff\hairtop\hairtop_ID_0356.jpg,04_DREADLOCKS,shape1,medium,X
.\database\cropped_ff\hair\hair_ID_0357.jpg,.\database\cropped_ff\hairtop\hairtop_ID_0357.jpg,06_LONGHAIR_STRAIGHT,shape3,long,X
.\database\cropped_ff\hair\hair_ID_0358.jpg,.\database\cropped_ff\hairtop\hairtop_ID_0358.jpg,06_LONGHAIR_STRAIGHT,shape3,long,X
.\database\cropped_ff\hair\hair_ID_0359.jpg,.\database\cropped_ff\hairtop\hairtop_ID_0359.jpg,14_PONYTAIL,shape0,short,X
.\database\cropped_ff\hair\hair_ID_0360.jpg,.\database\cropped_ff\hairtop\hairtop_ID_0360.jpg,14_PONYTAIL,shape0,short,X
.\database\cropped_ff\hair\hair_ID_0361.jpg,.\database\cropped_ff\hairtop\hairtop_ID_0361.jpg,04_DREADLOCKS,shape1,medium,X
.\database\cropped_ff\hair\hair_ID_0362.jpg,.\database\cropped_ff\hairtop\hairtop_ID_0362.jpg,14_PONYTAIL,shape0,short,X
.\database\cropped_ff\hair\hair_ID_0363.jpg,.\database\cropped_ff\hairtop\hairtop_ID_0363.jpg,03_BUN,shape0,short,X
.\database\cropped_ff\hair\hair_ID_0364.jpg,.\database\cropped_ff\hairtop\hairtop_ID_0364.jpg,18_PIXIECUT_WAVY,shape0,short,X
.\database\cropped_ff\hair\hair_ID_0365.jpg,.\database\cropped_ff\hairtop\hairtop_ID_0365.jpg,10_MOHAWK,shape5,short,X
.\database\cropped_ff\hair\hair_ID_0366.jpg,.\database\cropped_ff\hairtop\hairtop_ID_0366.jpg,15_SHAVED,shape0,short,X
.\database\cropped_ff\hair\hair_ID_0367.jpg,.\database\cropped_ff\hairtop\hairtop_ID_0367.jpg,10_MOHAWK,shape5,short,X
.\database\cropped_ff\hair\hair_ID_0369.jpg,.\database\cropped_ff\hairtop\hairtop_ID_0369.jpg,17_PIXIECUT_STRAIGHT,shape5,short,X
.\database\cropped_ff\hair\hair_ID_0370.jpg,.\database\cropped_ff\hairtop\hairtop_ID_0370.jpg,13_PIXIECUT_WAVY,shape5,short,X
.\database\cropped_ff\hair\hair_ID_0371.jpg,.\database\cropped_ff\hairtop\hairtop_ID_0371.jpg,10_MOHAWK,shape5,short,X
.\database\cropped_ff\hair\hair_ID_0372.jpg,.\database\cropped_ff\hairtop\hairtop_ID_0372.jpg,04_DREADLOCKS,shape1,medium,X
.\database\cropped_ff\hair\hair_ID_0373.jpg,.\database\cropped_ff\hairtop\hairtop_ID_0373.jpg,00_BALD,shape0,short,X
.\database\cropped_ff\hair\hair_ID_0374.jpg,.\database\cropped_ff\hairtop\hairtop_ID_0374.jpg,13_PIXIECUT_WAVY,shape5,short,X
.\database\cropped_ff\hair\hair_ID_0375.jpg,.\database\cropped_ff\hairtop\hairtop_ID_0375.jpg,10_MOHAWK,shape5,short,X
.\database\cropped_ff\hair\hair_ID_0376.jpg,.\database\cropped_ff\hairtop\hairtop_ID_0376.jpg,10_MOHAWK,shape5,short,X
.\database\cropped_ff\hair\hair_ID_0377.jpg,.\database\cropped_ff\hairtop\hairtop_ID_0377.jpg,10_MOHAWK,shape5,short,X
.\database\cropped_ff\hair\hair_ID_0379.jpg,.\database\cropped_ff\hairtop\hairtop_ID_0379.jpg,10_MOHAWK,shape5,short,X
.\database\cropped_ff\hair\hair_ID_0380.jpg,.\database\cropped_ff\hairtop\hairtop_ID_0380.jpg,11_PIXIECUT_STRAIGHT,shape5,short,X
.\database\cropped_ff\hair\hair_ID_0381.jpg,.\database\cropped_ff\hairtop\hairtop_ID_0381.jpg,10_MOHAWK,shape5,short,X
.\database\cropped_ff\hair\hair_ID_0383.jpg,.\database\cropped_ff\hairtop\hairtop_ID_0383.jpg,10_MOHAWK,shape5,short,X
.\database\cropped_ff\hair\hair_ID_0384.jpg,.\database\cropped_ff\hairtop\hairtop_ID_0384.jpg,10_MOHAWK,shape5,short,X
.\database\cropped_ff\hair\hair_ID_0385.jpg,.\database\cropped_ff\hairtop\hairtop_ID_0385.jpg,10_MOHAWK,shape5,short,X
.\database\cropped_ff\hair\hair_ID_0386.jpg,.\database\cropped_ff\hairtop\hairtop_ID_0386.jpg,10_MOHAWK,shape5,short,X
.\database\cropped_ff\hair\hair_ID_0387.jpg,.\database\cropped_ff\hairtop\hairtop_ID_0387.jpg,16_PIXIECUT_COILY_CURLY,shape0,short,X
.\database\cropped_ff\hair\hair_ID_0388.jpg,.\database\cropped_ff\hairtop\hairtop_ID_0388.jpg,10_MOHAWK,shape5,short,X
.\database\cropped_ff\hair\hair_ID_0389.jpg,.\database\cropped_ff\hairtop\hairtop_ID_0389.jpg,10_MOHAWK,shape5,short,X
.\database\cropped_ff\hair\hair_ID_0390.jpg,.\database\cropped_ff\hairtop\hairtop_ID_0390.jpg,10_MOHAWK,shape5,short,X
.\database\cropped_ff\hair\hair_ID_0391.jpg,.\database\cropped_ff\hairtop\hairtop_ID_0391.jpg,11_PIXIECUT_STRAIGHT,shape5,short,X
.\database\cropped_ff\hair\hair_ID_0392.jpg,.\database\cropped_ff\hairtop\hairtop_ID_0392.jpg,10_MOHAWK,shape5,short,X
.\database\cropped_ff\hair\hair_ID_0394.jpg,.\database\cropped_ff\hairtop\hairtop_ID_0394.jpg,10_MOHAWK,shape5,short,X
.\database\cropped_ff\hair\hair_ID_0395.jpg,.\database\cropped_ff\hairtop\hairtop_ID_0395.jpg,17_PIXIECUT_STRAIGHT,shape5,short,X
.\database\cropped_ff\hair\hair_ID_0396.jpg,.\database\cropped_ff\hairtop\hairtop_ID_0396.jpg,14_PONYTAIL,shape0,short,X
.\database\cropped_ff\hair\hair_ID_0397.jpg,.\database\cropped_ff\hairtop\hairtop_ID_0397.jpg,13_PIXIECUT_WAVY,shape5,short,X
.\database\cropped_ff\hair\hair_ID_0401.jpg,.\database\cropped_ff\hairtop\hairtop_ID_0401.jpg,00_BALD,shape0,short,X
.\database\cropped_ff\hair\hair_ID_0403.jpg,.\database\cropped_ff\hairtop\hairtop_ID_0403.jpg,12_PIXIECUT_COILY,shape5,short,X
.\database\cropped_ff\hair\hair_ID_0404.jpg,.\database\cropped_ff\hairtop\hairtop_ID_0404.jpg,17_PIXIECUT_STRAIGHT,shape5,short,X
.\database\cropped_ff\hair\hair_ID_0405.jpg,.\database\cropped_ff\hairtop\hairtop_ID_0405.jpg,10_MOHAWK,shape5,short,X
.\database\cropped_ff\hair\hair_ID_0406.jpg,.\database\cropped_ff\hairtop\hairtop_ID_0406.jpg,17_PIXIECUT_STRAIGHT,shape5,short,X
.\database\cropped_ff\hair\hair_ID_0407.jpg,.\database\cropped_ff\hairtop\hairtop_ID_0407.jpg,11_PIXIECUT_STRAIGHT,shape5,short,X
.\database\cropped_ff\hair\hair_ID_0408.jpg,.\database\cropped_ff\hairtop\hairtop_ID_0408.jpg,17_PIXIECUT_STRAIGHT,shape5,short,X
.\database\cropped_ff\hair\hair_ID_0409.jpg,.\database\cropped_ff\hairtop\hairtop_ID_0409.jpg,17_PIXIECUT_STRAIGHT,shape5,short,X
.\database\cropped_ff\hair\hair_ID_0410.jpg,.\database\cropped_ff\hairtop\hairtop_ID_0410.jpg,10_MOHAWK,shape5,short,X
.\database\cropped_ff\hair\hair_ID_0411.jpg,.\database\cropped_ff\hairtop\hairtop_ID_0411.jpg,03_BUN,shape0,short,X
.\database\cropped_ff\hair\hair_ID_0412.jpg,.\database\cropped_ff\hairtop\hairtop_ID_0412.jpg,11_PIXIECUT_STRAIGHT,shape5,short,X
.\database\cropped_ff\hair\hair_ID_0413.jpg,.\database\cropped_ff\hairtop\hairtop_ID_0413.jpg,10_MOHAWK,shape5,short,X
.\database\cropped_ff\hair\hair_ID_0414.jpg,.\database\cropped_ff\hairtop\hairtop_ID_0414.jpg,16_PIXIECUT_COILY_CURLY,shape0,short,X
.\database\cropped_ff\hair\hair_ID_0415.jpg,.\database\cropped_ff\hairtop\hairtop_ID_0415.jpg,11_PIXIECUT_STRAIGHT,shape5,short,X
.\database\cropped_ff\hair\hair_ID_0416.jpg,.\database\cropped_ff\hairtop\hairtop_ID_0416.jpg,06_LONGHAIR_STRAIGHT,shape3,long,X
.\database\cropped_ff\hair\hair_ID_0417.jpg,.\database\cropped_ff\hairtop\hairtop_ID_0417.jpg,14_PONYTAIL,shape0,short,X
.\database\cropped_ff\hair\hair_ID_0418.jpg,.\database\cropped_ff\hairtop\hairtop_ID_0418.jpg,14_PONYTAIL,shape0,short,X
.\database\cropped_ff\hair\hair_ID_0420.jpg,.\database\cropped_ff\hairtop\hairtop_ID_0420.jpg,06_LONGHAIR_STRAIGHT,shape3,long,X
.\database\cropped_ff\hair\hair_ID_0421.jpg,.\database\cropped_ff\hairtop\hairtop_ID_0421.jpg,03_BUN,shape0,short,X
.\database\cropped_ff\hair\hair_ID_0422.jpg,.\database\cropped_ff\hairtop\hairtop_ID_0422.jpg,09_MEDIUMLENGTH_STRAIGHT_WAVY,shape1,medium,X
.\database\cropped_ff\hair\hair_ID_0423.jpg,.\database\cropped_ff\hairtop\hairtop_ID_0423.jpg,06_LONGHAIR_STRAIGHT,shape3,long,X
.\database\cropped_ff\hair\hair_ID_0424.jpg,.\database\cropped_ff\hairtop\hairtop_ID_0424.jpg,06_LONGHAIR_STRAIGHT,shape3,long,X
.\database\cropped_ff\hair\hair_ID_0425.jpg,.\database\cropped_ff\hairtop\hairtop_ID_0425.jpg,14_PONYTAIL,shape0,short,X
.\database\cropped_ff\hair\hair_ID_0426.jpg,.\database\cropped_ff\hairtop\hairtop_ID_0426.jpg,09_MEDIUMLENGTH_STRAIGHT_WAVY,shape1,medium,X
.\database\cropped_ff\hair\hair_ID_0427.jpg,.\database\cropped_ff\hairtop\hairtop_ID_0427.jpg,04_DREADLOCKS,shape1,medium,X
.\database\cropped_ff\hair\hair_ID_0428.jpg,.\database\cropped_ff\hairtop\hairtop_ID_0428.jpg,05_LONGHAIR_CURLY,shape2,long,X
.\database\cropped_ff\hair\hair_ID_0429.jpg,.\database\cropped_ff\hairtop\hairtop_ID_0429.jpg,03_BUN,shape0,short,X
.\database\cropped_ff\hair\hair_ID_0430.jpg,.\database\cropped_ff\hairtop\hairtop_ID_0430.jpg,02_BOB_STRAIGHT_WAVY,shape1,medium,X
.\database\cropped_ff\hair\hair_ID_0431.jpg,.\database\cropped_ff\hairtop\hairtop_ID_0431.jpg,07_LONGHAIR_WAVY,shape2,long,X
.\database\cropped_ff\hair\hair_ID_0432.jpg,.\database\cropped_ff\hairtop\hairtop_ID_0432.jpg,05_LONGHAIR_CURLY,shape2,long,X
.\database\cropped_ff\hair\hair_ID_0433.jpg,.\database\cropped_ff\hairtop\hairtop_ID_0433.jpg,06_LONGHAIR_STRAIGHT,shape3,long,X
.\database\cropped_ff\hair\hair_ID_0434.jpg,.\database\cropped_ff\hairtop\hairtop_ID_0434.jpg,04_DREADLOCKS,shape1,medium,X
.\database\cropped_ff\hair\hair_ID_0435.jpg,.\database\cropped_ff\hairtop\hairtop_ID_0435.jpg,06_LONGHAIR_STRAIGHT,shape3,long,X
.\database\cropped_ff\hair\hair_ID_0436.jpg,.\database\cropped_ff\hairtop\hairtop_ID_0436.jpg,02_BOB_STRAIGHT_WAVY,shape1,medium,X
.\database\cropped_ff\hair\hair_ID_0437.jpg,.\database\cropped_ff\hairtop\hairtop_ID_0437.jpg,03_BUN,shape0,short,X
.\database\cropped_ff\hair\hair_ID_0438.jpg,.\database\cropped_ff\hairtop\hairtop_ID_0438.jpg,03_BUN,shape0,short,X
.\database\cropped_ff\hair\hair_ID_0439.jpg,.\database\cropped_ff\hairtop\hairtop_ID_0439.jpg,09_MEDIUMLENGTH_STRAIGHT_WAVY,shape1,medium,X
.\database\cropped_ff\hair\hair_ID_0440.jpg,.\database\cropped_ff\hairtop\hairtop_ID_0440.jpg,03_BUN,shape0,short,X
.\database\cropped_ff\hair\hair_ID_0441.jpg,.\database\cropped_ff\hairtop\hairtop_ID_0441.jpg,03_BUN,shape0,short,X
.\database\cropped_ff\hair\hair_ID_0442.jpg,.\database\cropped_ff\hairtop\hairtop_ID_0442.jpg,03_BUN,shape0,short,X
.\database\cropped_ff\hair\hair_ID_0443.jpg,.\database\cropped_ff\hairtop\hairtop_ID_0443.jpg,14_PONYTAIL,shape0,short,X
.\database\cropped_ff\hair\hair_ID_0444.jpg,.\database\cropped_ff\hairtop\hairtop_ID_0444.jpg,02_BOB_STRAIGHT_WAVY,shape1,medium,X
.\database\cropped_ff\hair\hair_ID_0445.jpg,.\database\cropped_ff\hairtop\hairtop_ID_0445.jpg,03_BUN,shape0,short,X
.\database\cropped_ff\hair\hair_ID_0446.jpg,.\database\cropped_ff\hairtop\hairtop_ID_0446.jpg,07_LONGHAIR_WAVY,shape2,long,X
.\database\cropped_ff\hair\hair_ID_0447.jpg,.\database\cropped_ff\hairtop\hairtop_ID_0447.jpg,14_PONYTAIL,shape0,short,X
.\database\cropped_ff\hair\hair_ID_0448.jpg,.\database\cropped_ff\hairtop\hairtop_ID_0448.jpg,09_MEDIUMLENGTH_STRAIGHT_WAVY,shape1,medium,X
.\database\cropped_ff\hair\hair_ID_0449.jpg,.\database\cropped_ff\hairtop\hairtop_ID_0449.jpg,14_PONYTAIL,shape0,short,X
.\database\cropped_ff\hair\hair_ID_0450.jpg,.\database\cropped_ff\hairtop\hairtop_ID_0450.jpg,03_BUN,shape0,short,X
.\database\cropped_ff\hair\hair_ID_0451.jpg,.\database\cropped_ff\hairtop\hairtop_ID_0451.jpg,03_BUN,shape0,short,X
.\database\cropped_ff\hair\hair_ID_0452.jpg,.\database\cropped_ff\hairtop\hairtop_ID_0452.jpg,04_DREADLOCKS,shape1,medium,X
.\database\cropped_ff\hair\hair_ID_0453.jpg,.\database\cropped_ff\hairtop\hairtop_ID_0453.jpg,06_LONGHAIR_STRAIGHT,shape3,long,X
.\database\cropped_ff\hair\hair_ID_0454.jpg,.\database\cropped_ff\hairtop\hairtop_ID_0454.jpg,07_LONGHAIR_WAVY,shape2,long,X
.\database\cropped_ff\hair\hair_ID_0455.jpg,.\database\cropped_ff\hairtop\hairtop_ID_0455.jpg,02_BOB_STRAIGHT_WAVY,shape1,medium,X
.\database\cropped_ff\hair\hair_ID_0456.jpg,.\database\cropped_ff\hairtop\hairtop_ID_0456.jpg,14_PONYTAIL,shape0,short,X
.\database\cropped_ff\hair\hair_ID_0457.jpg,.\database\cropped_ff\hairtop\hairtop_ID_0457.jpg,03_BUN,shape0,short,X
.\database\cropped_ff\hair\hair_ID_0458.jpg,.\database\cropped_ff\hairtop\hairtop_ID_0458.jpg,03_BUN,shape0,short,X
.\database\cropped_ff\hair\hair_ID_0459.jpg,.\database\cropped_ff\hairtop\hairtop_ID_0459.jpg,14_PONYTAIL,shape0,short,X
.\database\cropped_ff\hair\hair_ID_0460.jpg,.\database\cropped_ff\hairtop\hairtop_ID_0460.jpg,09_MEDIUMLENGTH_STRAIGHT_WAVY,shape1,medium,X
.\database\cropped_ff\hair\hair_ID_0461.jpg,.\database\cropped_ff\hairtop\hairtop_ID_0461.jpg,07_LONGHAIR_WAVY,shape2,long,X
.\database\cropped_ff\hair\hair_ID_0462.jpg,.\database\cropped_ff\hairtop\hairtop_ID_0462.jpg,07_LONGHAIR_WAVY,shape2,long,X
.\database\cropped_ff\hair\hair_ID_0463.jpg,.\database\cropped_ff\hairtop\hairtop_ID_0463.jpg,06_LONGHAIR_STRAIGHT,shape3,long,X
.\database\cropped_ff\hair\hair_ID_0464.jpg,.\database\cropped_ff\hairtop\hairtop_ID_0464.jpg,03_BUN,shape0,short,X
.\database\cropped_ff\hair\hair_ID_0465.jpg,.\database\cropped_ff\hairtop\hairtop_ID_0465.jpg,06_LONGHAIR_STRAIGHT,shape3,long,X
.\database\cropped_ff\hair\hair_ID_0466.jpg,.\database\cropped_ff\hairtop\hairtop_ID_0466.jpg,14_PONYTAIL,shape0,short,X
.\database\cropped_ff\hair\hair_ID_0467.jpg,.\database\cropped_ff\hairtop\hairtop_ID_0467.jpg,07_LONGHAIR_WAVY,shape2,long,X
.\database\cropped_ff\hair\hair_ID_0468.jpg,.\database\cropped_ff\hairtop\hairtop_ID_0468.jpg,03_BUN,shape0,short,X
.\database\cropped_ff\hair\hair_ID_0469.jpg,.\database\cropped_ff\hairtop\hairtop_ID_0469.jpg,06_LONGHAIR_STRAIGHT,shape3,long,X
.\database\cropped_ff\hair\hair_ID_0470.jpg,.\database\cropped_ff\hairtop\hairtop_ID_0470.jpg,07_LONGHAIR_WAVY,shape2,long,X
.\database\cropped_ff\hair\hair_ID_0471.jpg,.\database\cropped_ff\hairtop\hairtop_ID_0471.jpg,14_PONYTAIL,shape0,short,X
.\database\cropped_ff\hair\hair_ID_0472.jpg,.\database\cropped_ff\hairtop\hairtop_ID_0472.jpg,14_PONYTAIL,shape0,short,X
.\database\cropped_ff\hair\hair_ID_0473.jpg,.\database\cropped_ff\hairtop\hairtop_ID_0473.jpg,04_DREADLOCKS,shape1,medium,X
.\database\cropped_ff\hair\hair_ID_0474.jpg,.\database\cropped_ff\hairtop\hairtop_ID_0474.jpg,14_PONYTAIL,shape0,short,X
.\database\cropped_ff\hair\hair_ID_0475.jpg,.\database\cropped_ff\hairtop\hairtop_ID_0475.jpg,07_LONGHAIR_WAVY,shape2,long,X
.\database\cropped_ff\hair\hair_ID_0476.jpg,.\database\cropped_ff\hairtop\hairtop_ID_0476.jpg,03_BUN,shape0,short,X
.\database\cropped_ff\hair\hair_ID_0477.jpg,.\database\cropped_ff\hairtop\hairtop_ID_0477.jpg,14_PONYTAIL,shape0,short,X
.\database\cropped_ff\hair\hair_ID_0478.jpg,.\database\cropped_ff\hairtop\hairtop_ID_0478.jpg,06_LONGHAIR_STRAIGHT,shape3,long,X
.\database\cropped_ff\hair\hair_ID_0479.jpg,.\database\cropped_ff\hairtop\hairtop_ID_0479.jpg,02_BOB_STRAIGHT_WAVY,shape1,medium,X
.\database\cropped_ff\hair\hair_ID_0480.jpg,.\database\cropped_ff\hairtop\hairtop_ID_0480.jpg,14_PONYTAIL,shape0,short,X
.\database\cropped_ff\hair\hair_ID_0481.jpg,.\database\cropped_ff\hairtop\hairtop_ID_0481.jpg,14_PONYTAIL,shape0,short,X
.\database\cropped_ff\hair\hair_ID_0482.jpg,.\database\cropped_ff\hairtop\hairtop_ID_0482.jpg,06_LONGHAIR_STRAIGHT,shape3,long,X
.\database\cropped_ff\hair\hair_ID_0483.jpg,.\database\cropped_ff\hairtop\hairtop_ID_0483.jpg,14_PONYTAIL,shape0,short,X
.\database\cropped_ff\hair\hair_ID_0484.jpg,.\database\cropped_ff\hairtop\hairtop_ID_0484.jpg,03_BUN,shape0,short,X
.\database\cropped_ff\hair\hair_ID_0485.jpg,.\database\cropped_ff\hairtop\hairtop_ID_0485.jpg,03_BUN,shape0,short,X
.\database\cropped_ff\hair\hair_ID_0486.jpg,.\database\cropped_ff\hairtop\hairtop_ID_0486.jpg,06_LONGHAIR_STRAIGHT,shape3,long,X
.\database\cropped_ff\hair\hair_ID_0487.jpg,.\database\cropped_ff\hairtop\hairtop_ID_0487.jpg,03_BUN,shape0,short,X
.\database\cropped_ff\hair\hair_ID_0488.jpg,.\database\cropped_ff\hairtop\hairtop_ID_0488.jpg,03_BUN,shape0,short,X
.\database\cropped_ff\hair\hair_ID_0489.jpg,.\database\cropped_ff\hairtop\hairtop_ID_0489.jpg,03_BUN,shape0,short,X
.\database\cropped_ff\hair\hair_ID_0490.jpg,.\database\cropped_ff\hairtop\hairtop_ID_0490.jpg,03_BUN,shape0,short,X
.\database\cropped_ff\hair\hair_ID_0491.jpg,.\database\cropped_ff\hairtop\hairtop_ID_0491.jpg,07_LONGHAIR_WAVY,shape2,long,X
.\database\cropped_ff\hair\hair_ID_0492.jpg,.\database\cropped_ff\hairtop\hairtop_ID_0492.jpg,07_LONGHAIR_WAVY,shape2,long,X
.\database\cropped_ff\hair\hair_ID_0493.jpg,.\database\cropped_ff\hairtop\hairtop_ID_0493.jpg,07_LONGHAIR_WAVY,shape2,long,X
.\database\cropped_ff\hair\hair_ID_0494.jpg,.\database\cropped_ff\hairtop\hairtop_ID_0494.jpg,06_LONGHAIR_STRAIGHT,shape3,long,X
.\database\cropped_ff\hair\hair_ID_0495.jpg,.\database\cropped_ff\hairtop\hairtop_ID_0495.jpg,14_PONYTAIL,shape0,short,X
.\database\cropped_ff\hair\hair_ID_0496.jpg,.\database\cropped_ff\hairtop\hairtop_ID_0496.jpg,06_LONGHAIR_STRAIGHT,shape3,long,X
.\database\cropped_ff\hair\hair_ID_0497.jpg,.\database\cropped_ff\hairtop\hairtop_ID_0497.jpg,03_BUN,shape0,short,X
.\database\cropped_ff\hair\hair_ID_0498.jpg,.\database\cropped_ff\hairtop\hairtop_ID_0498.jpg,06_LONGHAIR_STRAIGHT,shape3,long,X
.\database\cropped_ff\hair\hair_ID_0499.jpg,.\database\cropped_ff\hairtop\hairtop_ID_0499.jpg,06_LONGHAIR_STRAIGHT,shape3,long,X
.\database\cropped_ff\hair\hair_ID_0500.jpg,.\database\cropped_ff\hairtop\hairtop_ID_0500.jpg,05_LONGHAIR_CURLY,shape2,long,X
.\database\cropped_ff\hair\hair_ID_0501.jpg,.\database\cropped_ff\hairtop\hairtop_ID_0501.jpg,03_BUN,shape0,short,X
.\database\cropped_ff\hair\hair_ID_0502.jpg,.\database\cropped_ff\hairtop\hairtop_ID_0502.jpg,03_BUN,shape0,short,X
.\database\cropped_ff\hair\hair_ID_0503.jpg,.\database\cropped_ff\hairtop\hairtop_ID_0503.jpg,14_PONYTAIL,shape0,short,X
.\database\cropped_ff\hair\hair_ID_0504.jpg,.\database\cropped_ff\hairtop\hairtop_ID_0504.jpg,14_PONYTAIL,shape0,short,X
.\database\cropped_ff\hair\hair_ID_0505.jpg,.\database\cropped_ff\hairtop\hairtop_ID_0505.jpg,06_LONGHAIR_STRAIGHT,shape3,long,X
.\database\cropped_ff\hair\hair_ID_0506.jpg,.\database\cropped_ff\hairtop\hairtop_ID_0506.jpg,14_PONYTAIL,shape0,short,X
.\database\cropped_ff\hair\hair_ID_0507.jpg,.\database\cropped_ff\hairtop\hairtop_ID_0507.jpg,14_PONYTAIL,shape0,short,X
.\database\cropped_ff\hair\hair_ID_0508.jpg,.\database\cropped_ff\hairtop\hairtop_ID_0508.jpg,13_PIXIECUT_WAVY,shape5,short,X
.\database\cropped_ff\hair\hair_ID_0509.jpg,.\database\cropped_ff\hairtop\hairtop_ID_0509.jpg,13_PIXIECUT_WAVY,shape5,short,X
.\database\cropped_ff\hair\hair_ID_0510.jpg,.\database\cropped_ff\hairtop\hairtop_ID_0510.jpg,11_PIXIECUT_STRAIGHT,shape5,short,X
.\database\cropped_ff\hair\hair_ID_0511.jpg,.\database\cropped_ff\hairtop\hairtop_ID_0511.jpg,10_MOHAWK,shape5,short,X
.\database\cropped_ff\hair\hair_ID_0512.jpg,.\database\cropped_ff\hairtop\hairtop_ID_0512.jpg,11_PIXIECUT_STRAIGHT,shape5,short,X
.\database\cropped_ff\hair\hair_ID_0513.jpg,.\database\cropped_ff\hairtop\hairtop_ID_0513.jpg,13_PIXIECUT_WAVY,shape5,short,X
.\database\cropped_ff\hair\hair_ID_0516.jpg,.\database\cropped_ff\hairtop\hairtop_ID_0516.jpg,13_PIXIECUT_WAVY,shape5,short,X
.\database\cropped_ff\hair\hair_ID_0517.jpg,.\database\cropped_ff\hairtop\hairtop_ID_0517.jpg,11_PIXIECUT_STRAIGHT,shape5,short,X
.\database\cropped_ff\hair\hair_ID_0518.jpg,.\database\cropped_ff\hairtop\hairtop_ID_0518.jpg,18_PIXIECUT_WAVY,shape0,short,X
.\database\cropped_ff\hair\hair_ID_0519.jpg,.\database\cropped_ff\hairtop\hairtop_ID_0519.jpg,13_PIXIECUT_WAVY,shape5,short,X
.\database\cropped_ff\hair\hair_ID_0520.jpg,.\database\cropped_ff\hairtop\hairtop_ID_0520.jpg,17_PIXIECUT_STRAIGHT,shape5,short,X
.\database\cropped_ff\hair\hair_ID_0521.jpg,.\database\cropped_ff\hairtop\hairtop_ID_0521.jpg,17_PIXIECUT_STRAIGHT,shape5,short,X
.\database\cropped_ff\hair\hair_ID_0522.jpg,.\database\cropped_ff\hairtop\hairtop_ID_0522.jpg,00_BALD,shape0,short,X
.\database\cropped_ff\hair\hair_ID_0523.jpg,.\database\cropped_ff\hairtop\hairtop_ID_0523.jpg,13_PIXIECUT_WAVY,shape5,short,X
.\database\cropped_ff\hair\hair_ID_0524.jpg,.\database\cropped_ff\hairtop\hairtop_ID_0524.jpg,13_PIXIECUT_WAVY,shape5,short,X
.\database\cropped_ff\hair\hair_ID_0525.jpg,.\database\cropped_ff\hairtop\hairtop_ID_0525.jpg,18_PIXIECUT_WAVY,shape0,short,X
.\database\cropped_ff\hair\hair_ID_0526.jpg,.\database\cropped_ff\hairtop\hairtop_ID_0526.jpg,13_PIXIECUT_WAVY,shape5,short,X
.\database\cropped_ff\hair\hair_ID_0527.jpg,.\database\cropped_ff\hairtop\hairtop_ID_0527.jpg,18_PIXIECUT_WAVY,shape0,short,X
.\database\cropped_ff\hair\hair_ID_0528.jpg,.\database\cropped_ff\hairtop\hairtop_ID_0528.jpg,13_PIXIECUT_WAVY,shape5,short,X
.\database\cropped_ff\hair\hair_ID_0529.jpg,.\database\cropped_ff\hairtop\hairtop_ID_0529.jpg,02_BOB_STRAIGHT_WAVY,shape1,medium,X
.\database\cropped_ff\hair\hair_ID_0530.jpg,.\database\cropped_ff\hairtop\hairtop_ID_0530.jpg,04_DREADLOCKS,shape1,medium,X
.\database\cropped_ff\hair\hair_ID_0531.jpg,.\database\cropped_ff\hairtop\hairtop_ID_0531.jpg,13_PIXIECUT_WAVY,shape5,short,X
.\database\cropped_ff\hair\hair_ID_0532.jpg,.\database\cropped_ff\hairtop\hairtop_ID_0532.jpg,10_MOHAWK,shape5,short,X
.\database\cropped_ff\hair\hair_ID_0533.jpg,.\database\cropped_ff\hairtop\hairtop_ID_0533.jpg,13_PIXIECUT_WAVY,shape5,short,X
.\database\cropped_ff\hair\hair_ID_0535.jpg,.\database\cropped_ff\hairtop\hairtop_ID_0535.jpg,13_PIXIECUT_WAVY,shape5,short,X
.\database\cropped_ff\hair\hair_ID_0536.jpg,.\database\cropped_ff\hairtop\hairtop_ID_0536.jpg,15_SHAVED,shape0,short,X
.\database\cropped_ff\hair\hair_ID_0537.jpg,.\database\cropped_ff\hairtop\hairtop_ID_0537.jpg,13_PIXIECUT_WAVY,shape5,short,X
.\database\cropped_ff\hair\hair_ID_0538.jpg,.\database\cropped_ff\hairtop\hairtop_ID_0538.jpg,04_DREADLOCKS,shape1,medium,X
.\database\cropped_ff\hair\hair_ID_0539.jpg,.\database\cropped_ff\hairtop\hairtop_ID_0539.jpg,02_BOB_STRAIGHT_WAVY,shape1,medium,X
.\database\cropped_ff\hair\hair_ID_0540.jpg,.\database\cropped_ff\hairtop\hairtop_ID_0540.jpg,09_MEDIUMLENGTH_STRAIGHT_WAVY,shape1,medium,X
.\database\cropped_ff\hair\hair_ID_0541.jpg,.\database\cropped_ff\hairtop\hairtop_ID_0541.jpg,02_BOB_STRAIGHT_WAVY,shape1,medium,X
.\database\cropped_ff\hair\hair_ID_0542.jpg,.\database\cropped_ff\hairtop\hairtop_ID_0542.jpg,13_PIXIECUT_WAVY,shape5,short,X
.\database\cropped_ff\hair\hair_ID_0544.jpg,.\database\cropped_ff\hairtop\hairtop_ID_0544.jpg,11_PIXIECUT_STRAIGHT,shape5,short,X
.\database\cropped_ff\hair\hair_ID_0545.jpg,.\database\cropped_ff\hairtop\hairtop_ID_0545.jpg,00_BALD,shape0,short,X
.\database\cropped_ff\hair\hair_ID_0546.jpg,.\database\cropped_ff\hairtop\hairtop_ID_0546.jpg,17_PIXIECUT_STRAIGHT,shape5,short,X
.\database\cropped_ff\hair\hair_ID_0547.jpg,.\database\cropped_ff\hairtop\hairtop_ID_0547.jpg,11_PIXIECUT_STRAIGHT,shape5,short,X
.\database\cropped_ff\hair\hair_ID_0548.jpg,.\database\cropped_ff\hairtop\hairtop_ID_0548.jpg,10_MOHAWK,shape5,short,X
.\database\cropped_ff\hair\hair_ID_0549.jpg,.\database\cropped_ff\hairtop\hairtop_ID_0549.jpg,10_MOHAWK,shape5,short,X
.\database\cropped_ff\hair\hair_ID_0551.jpg,.\database\cropped_ff\hairtop\hairtop_ID_0551.jpg,04_DREADLOCKS,shape1,medium,X
.\database\cropped_ff\hair\hair_ID_0552.jpg,.\database\cropped_ff\hairtop\hairtop_ID_0552.jpg,16_PIXIECUT_COILY_CURLY,shape0,short,X
.\database\cropped_ff\hair\hair_ID_0553.jpg,.\database\cropped_ff\hairtop\hairtop_ID_0553.jpg,13_PIXIECUT_WAVY,shape5,short,X
.\database\cropped_ff\hair\hair_ID_0554.jpg,.\database\cropped_ff\hairtop\hairtop_ID_0554.jpg,02_BOB_STRAIGHT_WAVY,shape1,medium,X
.\database\cropped_ff\hair\hair_ID_0555.jpg,.\database\cropped_ff\hairtop\hairtop_ID_0555.jpg,04_DREADLOCKS,shape1,medium,X
.\database\cropped_ff\hair\hair_ID_0556.jpg,.\database\cropped_ff\hairtop\hairtop_ID_0556.jpg,11_PIXIECUT_STRAIGHT,shape5,short,X
.\database\cropped_ff\hair\hair_ID_0557.jpg,.\database\cropped_ff\hairtop\hairtop_ID_0557.jpg,17_PIXIECUT_STRAIGHT,shape5,short,X
.\database\cropped_ff\hair\hair_ID_0558.jpg,.\database\cropped_ff\hairtop\hairtop_ID_0558.jpg,10_MOHAWK,shape5,short,X
.\database\cropped_ff\hair\hair_ID_0559.jpg,.\database\cropped_ff\hairtop\hairtop_ID_0559.jpg,11_PIXIECUT_STRAIGHT,shape5,short,X
.\database\cropped_ff\hair\hair_ID_0560.jpg,.\database\cropped_ff\hairtop\hairtop_ID_0560.jpg,18_PIXIECUT_WAVY,shape0,short,X
.\database\cropped_ff\hair\hair_ID_0561.jpg,.\database\cropped_ff\hairtop\hairtop_ID_0561.jpg,11_PIXIECUT_STRAIGHT,shape5,short,X
.\database\cropped_ff\hair\hair_ID_0562.jpg,.\database\cropped_ff\hairtop\hairtop_ID_0562.jpg,17_PIXIECUT_STRAIGHT,shape5,short,X
.\database\cropped_ff\hair\hair_ID_0563.jpg,.\database\cropped_ff\hairtop\hairtop_ID_0563.jpg,10_MOHAWK,shape5,short,X
.\database\cropped_ff\hair\hair_ID_0564.jpg,.\database\cropped_ff\hairtop\hairtop_ID_0564.jpg,04_DREADLOCKS,shape1,medium,X
.\database\cropped_ff\hair\hair_ID_0565.jpg,.\database\cropped_ff\hairtop\hairtop_ID_0565.jpg,10_MOHAWK,shape5,short,X
.\database\cropped_ff\hair\hair_ID_0566.jpg,.\database\cropped_ff\hairtop\hairtop_ID_0566.jpg,06_LONGHAIR_STRAIGHT,shape3,long,X
.\database\cropped_ff\hair\hair_ID_0568.jpg,.\database\cropped_ff\hairtop\hairtop_ID_0568.jpg,06_LONGHAIR_STRAIGHT,shape3,long,X
.\database\cropped_ff\hair\hair_ID_0569.jpg,.\database\cropped_ff\hairtop\hairtop_ID_0569.jpg,13_PIXIECUT_WAVY,shape5,short,X
.\database\cropped_ff\hair\hair_ID_0570.jpg,.\database\cropped_ff\hairtop\hairtop_ID_0570.jpg,14_PONYTAIL,shape0,short,X
.\database\cropped_ff\hair\hair_ID_0572.jpg,.\database\cropped_ff\hairtop\hairtop_ID_0572.jpg,11_PIXIECUT_STRAIGHT,shape5,short,X
.\database\cropped_ff\hair\hair_ID_0573.jpg,.\database\cropped_ff\hairtop\hairtop_ID_0573.jpg,10_MOHAWK,shape5,short,X
.\database\cropped_ff\hair\hair_ID_0574.jpg,.\database\cropped_ff\hairtop\hairtop_ID_0574.jpg,17_PIXIECUT_STRAIGHT,shape5,short,X
.\database\cropped_ff\hair\hair_ID_0575.jpg,.\database\cropped_ff\hairtop\hairtop_ID_0575.jpg,17_PIXIECUT_STRAIGHT,shape5,short,X
.\database\cropped_ff\hair\hair_ID_0576.jpg,.\database\cropped_ff\hairtop\hairtop_ID_0576.jpg,10_MOHAWK,shape5,short,X
.\database\cropped_ff\hair\hair_ID_0577.jpg,.\database\cropped_ff\hairtop\hairtop_ID_0577.jpg,13_PIXIECUT_WAVY,shape5,short,X
.\database\cropped_ff\hair\hair_ID_0578.jpg,.\database\cropped_ff\hairtop\hairtop_ID_0578.jpg,17_PIXIECUT_STRAIGHT,shape5,short,X
.\database\cropped_ff\hair\hair_ID_0579.jpg,.\database\cropped_ff\hairtop\hairtop_ID_0579.jpg,13_PIXIECUT_WAVY,shape5,short,X
.\database\cropped_ff\hair\hair_ID_0580.jpg,.\database\cropped_ff\hairtop\hairtop_ID_0580.jpg,02_BOB_STRAIGHT_WAVY,shape1,medium,X
.\database\cropped_ff\hair\hair_ID_0581.jpg,.\database\cropped_ff\hairtop\hairtop_ID_0581.jpg,13_PIXIECUT_WAVY,shape5,short,X
.\database\cropped_ff\hair\hair_ID_0582.jpg,.\database\cropped_ff\hairtop\hairtop_ID_0582.jpg,02_BOB_STRAIGHT_WAVY,shape1,medium,X
.\database\cropped_ff\hair\hair_ID_0583.jpg,.\database\cropped_ff\hairtop\hairtop_ID_0583.jpg,04_DREADLOCKS,shape1,medium,X
.\database\cropped_ff\hair\hair_ID_0584.jpg,.\database\cropped_ff\hairtop\hairtop_ID_0584.jpg,11_PIXIECUT_STRAIGHT,shape5,short,X
.\database\cropped_ff\hair\hair_ID_0585.jpg,.\database\cropped_ff\hairtop\hairtop_ID_0585.jpg,04_DREADLOCKS,shape1,medium,X
.\database\cropped_ff\hair\hair_ID_0587.jpg,.\database\cropped_ff\hairtop\hairtop_ID_0587.jpg,10_MOHAWK,shape5,short,X
.\database\cropped_ff\hair\hair_ID_0588.jpg,.\database\cropped_ff\hairtop\hairtop_ID_0588.jpg,11_PIXIECUT_STRAIGHT,shape5,short,X
.\database\cropped_ff\hair\hair_ID_0589.jpg,.\database\cropped_ff\hairtop\hairtop_ID_0589.jpg,10_MOHAWK,shape5,short,X
.\database\cropped_ff\hair\hair_ID_0590.jpg,.\database\cropped_ff\hairtop\hairtop_ID_0590.jpg,10_MOHAWK,shape5,short,X
.\database\cropped_ff\hair\hair_ID_0591.jpg,.\database\cropped_ff\hairtop\hairtop_ID_0591.jpg,10_MOHAWK,shape5,short,X
.\database\cropped_ff\hair\hair_ID_0592.jpg,.\database\cropped_ff\hairtop\hairtop_ID_0592.jpg,12_PIXIECUT_COILY,shape5,short,X
.\database\cropped_ff\hair\hair_ID_0593.jpg,.\database\cropped_ff\hairtop\hairtop_ID_0593.jpg,13_PIXIECUT_WAVY,shape5,short,X
.\database\cropped_ff\hair\hair_ID_0595.jpg,.\database\cropped_ff\hairtop\hairtop_ID_0595.jpg,10_MOHAWK,shape5,short,X
.\database\cropped_ff\hair\hair_ID_0596.jpg,.\database\cropped_ff\hairtop\hairtop_ID_0596.jpg,10_MOHAWK,shape5,short,X
.\database\cropped_ff\hair\hair_ID_0597.jpg,.\database\cropped_ff\hairtop\hairtop_ID_0597.jpg,14_PONYTAIL,shape0,short,X
.\database\cropped_ff\hair\hair_ID_0598.jpg,.\database\cropped_ff\hairtop\hairtop_ID_0598.jpg,15_SHAVED,shape0,short,X
.\database\cropped_ff\hair\hair_ID_0599.jpg,.\database\cropped_ff\hairtop\hairtop_ID_0599.jpg,10_MOHAWK,shape5,short,X
