files,hair_style,hair_type,hair_color,face_shape,jaw,freckles
0,BUN,STRAIGHT,BLACK,SQUARE,OVAL,X
1,LONG HAIR,STRAIGHT,BLACK,HEART,TRIANGLE,X
2,PONY TAIL,STRAIGHT,BLACK,OVAL,OVAL,FRECKLES
3,BUN,STRAIGHT,BLACK,SQUARE,TRIANGLE,X
4,BUN,STRAIGHT,BLACK,SQUARE,OVAL,X
5,LONG HAIR,STRAIGHT,BLACK,SQUARE,OVAL,X
6,LONG HAIR,STRAIGHT,BLACK,OVAL,OVAL,X
7,PONY TAIL,CURLY,BLACK,OVAL,ROUND,X
8,BUN,STRAIGHT,BLACK,ROUND,OVAL,X
9,LONG HAIR,STRAIGHT,BLACK,OVAL,TRIANGLE,X
10,LONG HAIR,STRAIGHT,BLACK,OVAL,ROUND,X
11,BUN,STRAIGHT,BLACK,HEART,TRIANGLE,X
12,BUN,CURLY,BLACK,HEART,OVAL,X
13,BUN,STRAIGHT,BLACK,HEART,TRIANGLE,X
14,PONY TAIL,STRAIGHT,BLACK,HEART,DIAMOND,X
15,BUN,STRAIGHT,BLACK,ROUND,OVAL,X
16,LONG HAIR,STRAIGHT,BLACK,SQUARE,DIAMOND,X
17,PONY TAIL,WAVY,BROWN,SQUARE,DIAMOND,X
18,PONY TAIL,STRAIGHT,BLACK,HEART,DIAMOND,X
19,LONG HAIR,STRAIGHT,BLACK,HEART,TRIANGLE,X
20,BOB,STRAIGHT,BLACK,ROUND,ROUND,X
21,PONY TAIL,STRAIGHT,BLACK,ROUND,ROUND,X
22,PONY TAIL,STRAIGHT,BLACK,HEART,TRIANGLE,X
23,MEDIUM LENGTH,STRAIGHT,BLACK,SQUARE,DIAMOND,FRECKLES
24,BUN,CURLY,BLACK,SQUARE,DIAMOND,X
25,PONY TAIL,STRAIGHT,BLACK,ROUND,OVAL,X
26,LONG HAIR,WAVY,BLACK,SQUARE,DIAMOND,X
27,LONG HAIR,STRAIGHT,BLACK,SQUARE,DIAMOND,X
28,LONG HAIR,STRAIGHT,BLACK,SQUARE,TRIANGLE,X
29,BUN,STRAIGHT,BLACK,SQUARE,DIAMOND,X
30,LONG HAIR,STRAIGHT,BLACK,ROUND,DIAMOND,X
31,PONY TAIL,STRAIGHT,BLACK,ROUND,OVAL,FRECKLES
32,LONG HAIR,STRAIGHT,BLACK,SQUARE,ROUND,X
33,LONG HAIR,STRAIGHT,BLACK,HEART,TRIANGLE,X
34,BUN,STRAIGHT,BLACK,ROUND,OVAL,X
35,PONY TAIL,STRAIGHT,BLACK,SQUARE,DIAMOND,X
36,PONY TAIL,STRAIGHT,BLACK,OVAL,OVAL,FRECKLES
37,MEDIUM LENGTH,STRAIGHT,BLACK,HEART,TRIANGLE,X
38,PONY TAIL,STRAIGHT,BLACK,OVAL,OVAL,X
39,MEDIUM LENGTH,STRAIGHT,BLACK,OVAL,OVAL,X
40,PONY TAIL,STRAIGHT,BLACK,OVAL,OVAL,X
41,LONG HAIR,STRAIGHT,BLACK,SQUARE,DIAMOND,X
42,LONG HAIR,STRAIGHT,BLACK,SQUARE,DIAMOND,FRECKLES
43,LONG HAIR,STRAIGHT,BLACK,OVAL,TRIANGLE,X
44,LONG HAIR,STRAIGHT,BLACK,HEART,DIAMOND,X
45,LONG HAIR,STRAIGHT,BLACK,SQUARE,DIAMOND,X
46,LONG HAIR,STRAIGHT,BLACK,OVAL,DIAMOND,X
47,LONG HAIR,STRAIGHT,BLACK,HEART,DIAMOND,X
48,LONG HAIR,STRAIGHT,BLACK,SQUARE,DIAMOND,X
49,LONG HAIR,WAVY,BLACK,SQUARE,DIAMOND,X
50,LONG HAIR,STRAIGHT,BLACK,OVAL,OVAL,X
51,LONG HAIR,STRAIGHT,BLACK,SQUARE,DIAMOND,X
52,BUN,STRAIGHT,BLACK,OVAL,OVAL,X
53,LONG HAIR,STRAIGHT,BLACK,HEART,TRIANGLE,X
54,LONG HAIR,STRAIGHT,BLACK,HEART,TRIANGLE,X
55,LONG HAIR,STRAIGHT,BLACK,SQUARE,TRIANGLE,X
56,LONG HAIR,STRAIGHT,BLACK,SQUARE,DIAMOND,X
57,PIXIE CUT,STRAIGHT,BLACK,OVAL,OVAL,X
58,PIXIE CUT,WAVY,BLACK,ROUND,ROUND,X
59,PONY TAIL,STRAIGHT,BLACK,SQUARE,OVAL,X
60,PIXIE CUT,STRAIGHT,BLACK,SQUARE,DIAMOND,X
61,BALD,X,BLACK,SQUARE,TRIANGLE,X
62,PIXIE CUT,STRAIGHT,BLACK,ROUND,ROUND,X
63,SHORT,STRAIGHT,BLACK,SQUARE,TRIANGLE,X
64,PIXIE CUT,STRAIGHT,BLACK,OVAL,TRIANGLE,X
65,PIXIE CUT,STRAIGHT,BLACK,ROUND,OVAL,X
66,PIXIE CUT,STRAIGHT,BLACK,HEART,OVAL,X
67,SHORT,STRAIGHT,BLACK,SQUARE,OVAL,X
68,SHORT,STRAIGHT,BLACK,OVAL,ROUND,X
69,SHORT,STRAIGHT,BLACK,OVAL,DIAMOND,X
70,PIXIE CUT,CURLY,BLACK,SQUARE,DIAMOND,X
71,PIXIE CUT,WAVY,GRAY,SQUARE,DIAMOND,X
72,PIXIE CUT,STRAIGHT,BLACK,SQUARE,DIAMOND,X
73,SHORT,WAVY,BLACK,HEART,TRIANGLE,X
74,PIXIE CUT,WAVY,BLACK,SQUARE,OVAL,X
75,PIXIE CUT,WAVY,BLACK,HEART,TRIANGLE,X
76,SHORT,STRAIGHT,BLACK,OVAL,OVAL,X
77,MOHAWK,STRAIGHT,BLACK,SQUARE,DIAMOND,X
78,PIXIE CUT,STRAIGHT,BLACK,HEART,OVAL,X
79,PIXIE CUT,STRAIGHT,BLACK,ROUND,ROUND,X
80,PIXIE CUT,WAVY,BLACK,SQUARE,OVAL,X
81,PIXIE CUT,STRAIGHT,BLACK,ROUND,ROUND,X
82,SHAVED,X,BLACK,ROUND,DIAMOND,X
83,PIXIE CUT,STRAIGHT,BLACK,HEART,TRIANGLE,X
84,PIXIE CUT,WAVY,BLACK,SQUARE,OVAL,X
85,SHORT,STRAIGHT,BLACK,ROUND,ROUND,X
86,MOHAWK,STRAIGHT,BLACK,SQUARE,OVAL,X
87,PIXIE CUT,WAVY,BLACK,OVAL,ROUND,X
88,PIXIE CUT,STRAIGHT,GRAY,SQUARE,DIAMOND,X
89,SHORT,STRAIGHT,BLACK,SQUARE,DIAMOND,X
90,SHAVED,X,BLACK,SQUARE,ROUND,X
91,SHORT,STRAIGHT,BLACK,SQUARE,OVAL,X
92,DREADLOCKS,WAVY,BLACK,OVAL,OVAL,X
93,PIXIE CUT,STRAIGHT,BLACK,OVAL,OVAL,X
94,PIXIE CUT,STRAIGHT,BLACK,SQUARE,DIAMOND,X
95,PIXIE CUT,STRAIGHT,BLACK,ROUND,ROUND,X
96,PIXIE CUT,WAVY,BLACK,OVAL,OVAL,X
97,PIXIE CUT,STRAIGHT,BLACK,SQUARE,DIAMOND,X
98,PIXIE CUT,STRAIGHT,BLACK,HEART,DIAMOND,X
99,MOHAWK,STRAIGHT,BLONDE,SQUARE,DIAMOND,X
100,PIXIE CUT,WAVY,BLACK,HEART,DIAMOND,X
101,DREADLOCKS,DREADLOCKS,BLACK,OVAL,OVAL,X
102,PIXIE CUT,WAVY,BLACK,SQUARE,ROUND,X
103,MOHAWK,WAVY,BLACK,HEART,DIAMOND,X
104,PIXIE CUT,WAVY,BLACK,SQUARE,DIAMOND,X
105,PIXIE CUT,WAVY,BLACK,HEART,DIAMOND,X
106,MOHAWK,STRAIGHT,BLACK,SQUARE,OVAL,X
107,PIXIE CUT,WAVY,BLACK,ROUND,OVAL,X
108,PIXIE CUT,WAVY,BLACK,HEART,DIAMOND,X
109,BOB,STRAIGHT,BLACK,OVAL,ROUND,X
110,BOB,STRAIGHT,BLACK,SQUARE,DIAMOND,X
111,PONY TAIL,STRAIGHT,BLACK,OVAL,OVAL,X
112,PONY TAIL,COILY,BLACK,HEART,OVAL,X
113,PONY TAIL,WAVY,BLACK,SQUARE,OVAL,X
114,PONY TAIL,STRAIGHT,BLACK,OVAL,ROUND,X
115,BOB,STRAIGHT,BLACK,SQUARE,DIAMOND,X
116,MOHAWK,WAVY,BLACK,HEART,TRIANGLE,X
117,PONY TAIL,STRAIGHT,BLACK,OVAL,ROUND,X
118,LONG HAIR,STRAIGHT,BLACK,HEART,TRIANGLE,X
119,BUN,CURLY,BLACK,HEART,DIAMOND,X
120,BUN,STRAIGHT,BLACK,ROUND,ROUND,X
121,BUN,STRAIGHT,BLACK,OVAL,TRIANGLE,X
122,BUN,STRAIGHT,BLACK,OVAL,OVAL,X
123,PIXIE CUT,CURLY,BLACK,HEART,DIAMOND,X
124,MEDIUM LENGTH,STRAIGHT,BLACK,OVAL,ROUND,X
125,PONY TAIL,STRAIGHT,BLACK,OVAL,TRIANGLE,X
126,BOB,WAVY,BLACK,OVAL,ROUND,X
127,PONY TAIL,STRAIGHT,BLACK,OVAL,ROUND,X
128,PONY TAIL,DREADLOCKS,BLACK,OVAL,OVAL,X
129,BOB,STRAIGHT,BLACK,OVAL,DIAMOND,X
130,MEDIUM LENGTH,WAVY,BLACK,SQUARE,DIAMOND,X
131,PONY TAIL,COILY,BLACK,HEART,TRIANGLE,X
132,BOB,COILY,BLACK,OVAL,TRIANGLE,X
133,PONY TAIL,STRAIGHT,BLACK,OVAL,DIAMOND,X
134,BUN,WAVY,BLACK,OVAL,OVAL,X
135,PONY TAIL,DREADLOCKS,BLACK,OVAL,TRIANGLE,X
136,BOB,STRAIGHT,BLACK,HEART,TRIANGLE,X
137,MEDIUM LENGTH,WAVY,BLACK,OVAL,OVAL,X
138,PIXIE CUT,COILY,BLACK,OVAL,ROUND,X
139,PIXIE CUT,DREADLOCKS,BLACK,SQUARE,ROUND,X
140,PIXIE CUT,WAVY,BLACK,SQUARE,ROUND,X
141,PIXIE CUT,COILY,BLACK,OVAL,OVAL,X
142,MEDIUM LENGTH,WAVY,BLACK,HEART,DIAMOND,X
143,PONY TAIL,WAVY,BLACK,OVAL,OVAL,X
144,LONG HAIR,DREADLOCKS,BLACK,ROUND,ROUND,X
145,PONY TAIL,COILY,BLACK,HEART,OVAL,X
146,PONY TAIL,COILY,BLACK,OBLONG,TRIANGLE,X
147,PONY TAIL,COILY,BLACK,SQUARE,OVAL,X
148,PONY TAIL,COILY,BLACK,SQUARE,DIAMOND,X
149,BUN,STRAIGHT,BLACK,ROUND,ROUND,X
150,PONY TAIL,COILY,BLACK,OVAL,ROUND,X
151,PIXIE CUT,COILY,BLACK,SQUARE,DIAMOND,X
152,PONY TAIL,STRAIGHT,BLACK,SQUARE,OVAL,X
153,LONG HAIR,STRAIGHT,BLACK,OVAL,OVAL,X
154,BUN,STRAIGHT,BLACK,HEART,TRIANGLE,X
155,PONY TAIL,COILY,BLACK,SQUARE,TRIANGLE,X
156,PIXIE CUT,COILY,BLACK,SQUARE,OVAL,X
157,PONY TAIL,STRAIGHT,BLACK,OBLONG,TRIANGLE,FRECKLES
158,LONG HAIR,STRAIGHT,BLACK,OVAL,TRIANGLE,X
159,BUN,STRAIGHT,BLACK,SQUARE,TRIANGLE,X
160,MEDIUM LENGTH,STRAIGHT,BLACK,OVAL,ROUND,X
161,MEDIUM LENGTH,CURLY,BLACK,SQUARE,DIAMOND,X
162,PONY TAIL,COILY,BLACK,SQUARE,ROUND,X
163,PONY TAIL,COILY,BLACK,ROUND,ROUND,X
164,PONY TAIL,CURLY,BLACK,OVAL,TRIANGLE,X
165,LONG HAIR,WAVY,BLACK,SQUARE,DIAMOND,X
166,PONY TAIL,COILY,BLACK,ROUND,ROUND,X
167,BOB,COILY,BLACK,OVAL,TRIANGLE,X
168,MEDIUM LENGTH,DREADLOCKS,BLACK,OVAL,OVAL,X
169,PIXIE CUT,COILY,BLACK,SQUARE,TRIANGLE,X
170,PIXIE CUT,COILY,BLACK,OVAL,OVAL,X
171,LONG HAIR,WAVY,BLACK,SQUARE,TRIANGLE,X
172,BUN,STRAIGHT,BLACK,OBLONG,DIAMOND,X
173,BUN,WAVY,BLACK,OVAL,TRIANGLE,X
174,MEDIUM LENGTH,STRAIGHT,BLACK,ROUND,ROUND,X
175,MEDIUM LENGTH,COILY,BLACK,SQUARE,TRIANGLE,X
176,BOB,STRAIGHT,BLACK,SQUARE,OVAL,X
177,PONY TAIL,COILY,BLACK,SQUARE,OVAL,X
178,MEDIUM LENGTH,STRAIGHT,BLACK,OVAL,OVAL,X
179,PONY TAIL,STRAIGHT,BLACK,HEART,DIAMOND,X
180,MEDIUM LENGTH,CURLY,BLACK,SQUARE,TRIANGLE,X
181,PONY TAIL,COILY,BLACK,ROUND,OVAL,X
182,PONY TAIL,COILY,BLACK,ROUND,OVAL,X
183,BOB,CURLY,BLACK,SQUARE,OVAL,X
184,PIXIE CUT,COILY,BLACK,SQUARE,OVAL,X
185,MEDIUM LENGTH,WAVY,BLACK,SQUARE,OVAL,X
186,BOB,COILY,BLACK,HEART,DIAMOND,X
187,MEDIUM LENGTH,WAVY,BLACK,ROUND,OVAL,X
188,SHORT,COILY,BLACK,SQUARE,DIAMOND,X
189,LONG HAIR,WAVY,BLACK,ROUND,OVAL,X
190,LONG HAIR,STRAIGHT,BLACK,OVAL,TRIANGLE,X
191,LONG HAIR,STRAIGHT,BLONDE,ROUND,ROUND,X
192,LONG HAIR,DREADLOCKS,BLACK,ROUND,ROUND,X
193,MEDIUM LENGTH,WAVY,BLONDE,ROUND,ROUND,X
194,BOB,STRAIGHT,BLACK,ROUND,DIAMOND,X
195,SHORT,WAVY,BLACK,OVAL,DIAMOND,X
196,BOB,CURLY,BLACK,OVAL,TRIANGLE,X
197,LONG HAIR,CURLY,BLACK,OVAL,OVAL,X
198,MEDIUM LENGTH,STRAIGHT,BLACK,OVAL,OVAL,X
199,PIXIE CUT,STRAIGHT,BLACK,HEART,DIAMOND,X
200,LONG HAIR,WAVY,BLACK,SQUARE,ROUND,X
201,LONG HAIR,STRAIGHT,BLACK,OVAL,TRIANGLE,X
202,PONY TAIL,COILY,BLACK,OVAL,TRIANGLE,X
203,LONG HAIR,CURLY,BLACK,SQUARE,ROUND,X
204,LONG HAIR,WAVY,BLACK,OVAL,TRIANGLE,X
205,LONG HAIR,WAVY,BLACK,HEART,OVAL,X
206,BOB,COILY,BLACK,OVAL,OVAL,X
207,LONG HAIR,STRAIGHT,BLACK,OBLONG,TRIANGLE,X
208,BOB,COILY,BLACK,SQUARE,TRIANGLE,X
209,PONY TAIL,COILY,BLACK,ROUND,ROUND,X
210,BOB,COILY,BLACK,ROUND,ROUND,X
211,PONY TAIL,CURLY,BLACK,OVAL,TRIANGLE,X
212,BUN,STRAIGHT,BLACK,OVAL,OVAL,X
213,SHAVED,X,BLACK,SQUARE,TRIANGLE,X
214,SHAVED,X,BLACK,OVAL,TRIANGLE,X
215,SHORT,COILY,BLACK,OVAL,TRIANGLE,X
216,SHORT,COILY,BLACK,HEART,OVAL,X
217,SHORT,COILY,BLACK,OVAL,OVAL,X
218,SHORT,COILY,BLACK,OVAL,TRIANGLE,X
219,SHORT,COILY,BLACK,SQUARE,OVAL,X
220,SHORT,COILY,BLACK,OVAL,OVAL,X
221,SHAVED,X,BLACK,OBLONG,OVAL,X
222,SHORT,COILY,BLACK,OVAL,OVAL,X
223,BALD,X,X,OVAL,OVAL,X
224,SHORT,COILY,BLACK,SQUARE,OVAL,X
225,SHORT,CURLY,BLACK,OVAL,OVAL,X
226,SHORT,CURLY,BLACK,OVAL,TRIANGLE,X
227,SHORT,COILY,BLACK,ROUND,TRIANGLE,X
228,SHORT,COILY,BLACK,OVAL,DIAMOND,X
229,SHAVED,X,BLACK,SQUARE,ROUND,X
230,SHORT,COILY,BLACK,SQUARE,DIAMOND,X
231,PIXIE CUT,COILY,BLACK,OVAL,TRIANGLE,X
232,PIXIE CUT,COILY,BLACK,SQUARE,OVAL,X
233,BALD,X,BLACK,SQUARE,ROUND,X
234,SHORT,CURLY,BLACK,OVAL,TRIANGLE,X
235,SHORT,CURLY,BLACK,OVAL,TRIANGLE,X
236,SHAVED,X,BLACK,SQUARE,OVAL,X
237,SHAVED,X,BLACK,OVAL,TRIANGLE,X
238,SHORT,COILY,BLACK,SQUARE,TRIANGLE,X
239,PIXIE CUT,WAVY,BLACK,OBLONG,OVAL,X
240,BALD,X,X,OVAL,OVAL,X
241,SHORT,COILY,BLACK,SQUARE,ROUND,X
242,SHAVED,X,BLACK,OVAL,OVAL,X
243,SHAVED,X,BLACK,OVAL,TRIANGLE,X
244,SHAVED,X,NAN,OVAL,DIAMOND,X
245,PIXIE CUT,DREADLOCKS,BLACK,SQUARE,TRIANGLE,X
246,SHORT,COILY,BLACK,SQUARE,OVAL,X
247,BALD,X,NAN,OVAL,TRIANGLE,X
248,SHORT,COILY,BLACK,OVAL,DIAMOND,X
249,SHORT,COILY,BLACK,OVAL,TRIANGLE,X
250,SHAVED,X,BLACK,ROUND,OVAL,X
251,SHORT,COILY,BLACK,SQUARE,TRIANGLE,X
252,SHORT,COILY,BLACK,OVAL,TRIANGLE,X
253,SHORT,COILY,BLACK,SQUARE,OVAL,X
254,SHORT,COILY,BLACK,SQUARE,OVAL,X
255,SHORT,CURLY,NAN,ROUND,ROUND,X
256,SHAVED,X,X,OVAL,OVAL,X
257,PIXIE CUT,COILY,BLACK,OVAL,TRIANGLE,X
258,SHORT,COILY,BLACK,ROUND,ROUND,X
259,BALD,X,X,OVAL,OVAL,X
260,SHORT,COILY,BLACK,SQUARE,ROUND,X
261,SHORT,COILY,BLACK,OVAL,OVAL,X
262,SHORT,COILY,BLACK,SQUARE,ROUND,X
263,SHORT,COILY,BLACK,SQUARE,TRIANGLE,X
264,SHORT,COILY,NAN,ROUND,ROUND,X
265,PIXIE CUT,COILY,BLACK,OVAL,OVAL,X
266,SHORT,COILY,BLACK,ROUND,ROUND,X
267,SHORT,COILY,BLACK,OVAL,OVAL,X
268,SHORT,COILY,BLACK,SQUARE,DIAMOND,X
269,PIXIE CUT,COILY,BLACK,HEART,ROUND,X
270,SHORT,COILY,BLACK,OVAL,TRIANGLE,X
271,SHORT,CURLY,BLACK,OBLONG,ROUND,X
272,DREADLOCKS,WAVY,BLACK,OVAL,OVAL,X
273,SHORT,COILY,BLACK,OVAL,OVAL,X
274,SHORT,COILY,BLACK,SQUARE,ROUND,X
275,BALD,X,X,OBLONG,TRIANGLE,X
276,SHORT,WAVY,BLACK,SQUARE,OVAL,X
277,BALD,X,X,SQUARE,DIAMOND,X
278,SHORT,COILY,BLACK,OVAL,TRIANGLE,X
279,SHORT,COILY,BLACK,SQUARE,OVAL,X
280,SHORT,COILY,BLACK,SQUARE,OVAL,X
281,SHORT,COILY,BLACK,OVAL,TRIANGLE,X
282,SHORT,COILY,BLACK,OVAL,OVAL,X
283,PIXIE CUT,COILY,BLACK,SQUARE,DIAMOND,X
284,SHORT,COILY,BLACK,SQUARE,DIAMOND,X
285,BALD,X,BLACK,SQUARE,OVAL,X
286,SHORT,COILY,BLACK,ROUND,TRIANGLE,X
287,SHORT,COILY,BLACK,SQUARE,OVAL,X
288,SHORT,COILY,BLACK,SQUARE,OVAL,X
289,PIXIE CUT,COILY,BLACK,OVAL,TRIANGLE,X
290,SHORT,COILY,BLACK,ROUND,OVAL,X
291,SHORT,COILY,BLACK,OVAL,OVAL,X
292,SHORT,COILY,BLACK,OVAL,TRIANGLE,X
293,SHAVED,COILY,BLACK,SQUARE,OVAL,X
294,SHAVED,CURLY,BLACK,SQUARE,OVAL,X
295,BALD,X,BLACK,SQUARE,ROUND,X
296,BALD,X,BLACK,SQUARE,OVAL,X
297,SHORT,COILY,BLACK,SQUARE,DIAMOND,X
298,SHAVED,COILY,BLACK,ROUND,OVAL,X
299,SHORT,COILY,BLACK,OVAL,OVAL,X
300,SHORT,COILY,BLACK,OVAL,TRIANGLE,X
301,SHORT,COILY,BLACK,SQUARE,DIAMOND,X
302,BALD,X,BLACK,SQUARE,DIAMOND,X
303,SHAVED,COILY,BLACK,SQUARE,OVAL,X
304,BALD,X,BLACK,OVAL,ROUND,X
305,MEDIUM LENGTH,CURLY,BLACK,SQUARE,TRIANGLE,X
306,PONY TAIL,WAVY,BLACK,OVAL,OVAL,X
307,LONG HAIR,WAVY,BLACK,ROUND,DIAMOND,X
308,LONG HAIR,STRAIGHT,BLACK,OVAL,OVAL,X
309,PONY TAIL,WAVY,BLACK,OVAL,ROUND,X
310,LONG HAIR,STRAIGHT,BLACK,ROUND,ROUND,X
311,BUN,WAVY,BLACK,SQUARE,TRIANGLE,X
312,BUN,STRAIGHT,BLACK,ROUND,TRIANGLE,X
313,PONY TAIL,STRAIGHT,BLACK,HEART,DIAMOND,X
314,LONG HAIR,CURLY,BLACK,OVAL,OVAL,X
315,LONG HAIR,WAVY,BLACK,OVAL,OVAL,X
316,BUN,STRAIGHT,BLACK,OVAL,TRIANGLE,X
317,LONG HAIR,STRAIGHT,BLACK,ROUND,ROUND,X
318,LONG HAIR,STRAIGHT,BLACK,OVAL,OVAL,X
319,BUN,STRAIGHT,BLACK,ROUND,OVAL,X
320,BUN,WAVY,BLACK,OVAL,TRIANGLE,X
321,BUN,STRAIGHT,BLACK,OVAL,TRIANGLE,X
322,PONY TAIL,STRAIGHT,BLACK,OVAL,OVAL,X
323,PONY TAIL,WAVY,BLACK,OVAL,TRIANGLE,X
324,PONY TAIL,WAVY,BLACK,ROUND,ROUND,X
325,BUN,STRAIGHT,BLACK,OVAL,TRIANGLE,X
326,PONY TAIL,STRAIGHT,BLACK,SQUARE,OVAL,X
327,BUN,WAVY,BLACK,SQUARE,OVAL,X
328,BUN,WAVY,BLACK,ROUND,ROUND,X
329,BUN,WAVY,BLACK,ROUND,ROUND,X
330,LONG HAIR,STRAIGHT,BLACK,OVAL,OVAL,X
331,BUN,WAVY,BLACK,OVAL,ROUND,X
332,LONG HAIR,STRAIGHT,BLACK,OVAL,TRIANGLE,X
333,DREADLOCKS,WAVY,BLACK,OVAL,OVAL,X
334,LONG HAIR,WAVY,BLACK,ROUND,OVAL,X
335,BUN,WAVY,BLACK,SQUARE,OVAL,X
336,PONY TAIL,STRAIGHT,BLACK,OVAL,TRIANGLE,X
337,BUN,WAVY,BLACK,OVAL,OVAL,X
338,LONG HAIR,WAVY,CHATTAIN,OVAL,TRIANGLE,X
339,BUN,WAVY,BLACK,SQUARE,OVAL,X
340,BUN,WAVY,BLACK,OVAL,OVAL,X
341,LONG HAIR,STRAIGHT,BLACK,OVAL,ROUND,X
342,LONG HAIR,CURLY,BLACK,SQUARE,TRIANGLE,X
343,LONG HAIR,STRAIGHT,BLACK,HEART,OVAL,X
344,PONY TAIL,CURLY,BLACK,SQUARE,OVAL,X
345,LONG HAIR,CURLY,BLACK,OVAL,OVAL,X
346,LONG HAIR,WAVY,BLONDE,ROUND,TRIANGLE,X
347,PONY TAIL,STRAIGHT,BLACK,OVAL,OVAL,X
348,PONY TAIL,WAVY,BLACK,SQUARE,OVAL,X
349,LONG HAIR,WAVY,BLACK,OVAL,TRIANGLE,X
350,LONG HAIR,STRAIGHT,BLACK,ROUND,TRIANGLE,X
351,LONG HAIR,STRAIGHT,BLACK,SQUARE,TRIANGLE,X
352,LONG HAIR,STRAIGHT,BLACK,SQUARE,OVAL,X
353,LONG HAIR,WAVY,BLACK,OVAL,OVAL,X
354,LONG HAIR,WAVY,BLACK,OVAL,OVAL,X
355,PONY TAIL,STRAIGHT,BLACK,ROUND,TRIANGLE,X
356,DREADLOCKS,WAVY,BLACK,SQUARE,OVAL,X
357,LONG HAIR,STRAIGHT,BLACK,SQUARE,OVAL,X
358,LONG HAIR,STRAIGHT,BLACK,SQUARE,TRIANGLE,X
359,PONY TAIL,WAVY,BLACK,OVAL,OVAL,X
360,PONY TAIL,CURLY,BLACK,SQUARE,OVAL,X
361,DREADLOCKS,WAVY,BLACK,ROUND,ROUND,X
362,PONY TAIL,WAVY,BLACK,SQUARE,TRIANGLE,X
363,BUN,WAVY,BLACK,ROUND,OVAL,X
364,SHORT,WAVY,BLACK,OVAL,OVAL,X
365,MOHAWK,WAVY,BLACK,SQUARE,TRIANGLE,X
366,SHAVED,X,BLACK,SQUARE,OVAL,X
367,MOHAWK,STRAIGHT,BLACK,SQUARE,OVAL,X
368,MOHAWK,WAVY,BLACK,SQUARE,TRIANGLE,X
369,SHORT,STRAIGHT,BLACK,SQUARE,OVAL,X
370,PIXIE CUT,WAVY,BLACK,OVAL,TRIANGLE,X
371,PIXIE CUT,WAVY,BLACK,OVAL,OVAL,X
372,BOB,STRAIGHT,BLACK,OVAL,TRIANGLE,X
373,BALD,X,X,SQUARE,ROUND,X
374,PIXIE CUT,STRAIGHT,BLACK,SQUARE,OVAL,X
375,PIXIE CUT,STRAIGHT,BLACK,ROUND,OVAL,X
376,MOHAWK,STRAIGHT,BLACK,SQUARE,OVAL,X
377,PIXIE CUT,STRAIGHT,BLACK,ROUND,OVAL,X
378,PIXIE CUT,WAVY,BLACK,SQUARE,OVAL,X
379,MOHAWK,STRAIGHT,BLACK,OVAL,OVAL,X
380,PIXIE CUT,CURLY,BLACK,SQUARE,TRIANGLE,X
381,MOHAWK,STRAIGHT,BLACK,ROUND,OVAL,X
382,PIXIE CUT,STRAIGHT,BLACK,SQUARE,TRIANGLE,X
383,MOHAWK,WAVY,BLACK,SQUARE,OVAL,X
384,MOHAWK,CURLY,BLACK,OVAL,OVAL,X
385,MOHAWK,WAVY,BLACK,OVAL,TRIANGLE,X
386,MOHAWK,STRAIGHT,BLACK,SQUARE,DIAMOND,X
387,SHORT,CURLY,BLACK,SQUARE,OVAL,X
388,MOHAWK,STRAIGHT,BLACK,ROUND,OVAL,X
389,PIXIE CUT,WAVY,BLACK,OVAL,OVAL,X
390,MOHAWK,STRAIGHT,BLACK,ROUND,OVAL,X
391,SHORT,WAVY,BLACK,SQUARE,OVAL,X
392,PIXIE CUT,STRAIGHT,BLACK,ROUND,ROUND,X
393,PONY TAIL,CURLY,BLACK,OVAL,TRIANGLE,X
394,SHORT,WAVY,BLACK,OVAL,OVAL,X
395,SHORT,STRAIGHT,BLACK,OVAL,OVAL,X
396,PONY TAIL,WAVY,BLACK,OBLONG,TRIANGLE,X
397,PIXIE CUT,STRAIGHT,BLACK,SQUARE,DIAMOND,X
398,MOHAWK,CURLY,BLACK,SQUARE,OVAL,X
399,PONY TAIL,WAVY,BLACK,SQUARE,TRIANGLE,X
400,MOHAWK,WAVY,GRAY,ROUND,OVAL,X
401,BALD,X,X,OVAL,OVAL,X
402,MOHAWK,CURLY,BLACK,ROUND,OVAL,X
403,PIXIE CUT,COILY,BLACK,ROUND,ROUND,X
404,SHORT,STRAIGHT,BLACK,SQUARE,OVAL,X
405,MOHAWK,STRAIGHT,BLACK,ROUND,OVAL,X
406,SHORT,STRAIGHT,BLACK,ROUND,OVAL,X
407,MOHAWK,STRAIGHT,BLONDE,ROUND,OVAL,X
408,SHORT,STRAIGHT,BLACK,SQUARE,OVAL,X
409,SHORT,STRAIGHT,BLACK,HEART,TRIANGLE,X
410,MOHAWK,STRAIGHT,BLACK,SQUARE,OVAL,X
411,BUN,WAVY,BLACK,SQUARE,TRIANGLE,X
412,PIXIE CUT,STRAIGHT,BLACK,HEART,TRIANGLE,X
413,PIXIE CUT,WAVY,BLACK,ROUND,ROUND,X
414,SHORT,CURLY,BLACK,OBLONG,OVAL,X
415,PIXIE CUT,STRAIGHT,BLACK,ROUND,OVAL,X
416,LONG HAIR,STRAIGHT,BLACK,ROUND,DIAMOND,X
417,PONY TAIL,COILY,BLACK,OVAL,OVAL,X
418,PONY TAIL,STRAIGHT,BLONDE,OVAL,OVAL,X
419,MEDIUM LENGTH,WAVY,BLACK,ROUND,ROUND,X
420,LONG HAIR,STRAIGHT,BLONDE,SQUARE,DIAMOND,X
421,BUN,STRAIGHT,CHATTAIN,OVAL,OVAL,X
422,MEDIUM LENGTH,STRAIGHT,BLACK,OVAL,OVAL,X
423,BUN,STRAIGHT,BLACK,OVAL,OVAL,X
424,LONG HAIR,STRAIGHT,CHATTAIN,OVAL,OVAL,X
425,PONY TAIL,STRAIGHT,BLACK,OVAL,OVAL,X
426,MEDIUM LENGTH,WAVY,CHATTAIN,OVAL,ROUND,X
427,MEDIUM LENGTH,STRAIGHT,BLONDE,ROUND,OVAL,X
428,LONG HAIR,CURLY,BLONDE,ROUND,DIAMOND,X
429,BUN,STRAIGHT,BLACK,OBLONG,OVAL,X
430,MEDIUM LENGTH,WAVY,BLACK,SQUARE,TRIANGLE,X
431,LONG HAIR,WAVY,CHATTAIN,OVAL,OVAL,X
432,LONG HAIR,CURLY,CHATTAIN,ROUND,OVAL,X
433,LONG HAIR,STRAIGHT,CHATTAIN,ROUND,OVAL,X
434,BOB,WAVY,CHATTAIN,ROUND,OVAL,X
435,LONG HAIR,STRAIGHT,BLACK,OVAL,OVAL,X
436,BOB,STRAIGHT,CHATTAIN,OVAL,OVAL,X
437,BUN,STRAIGHT,BLACK,OVAL,OVAL,X
438,BUN,WAVY,CHATTAIN,ROUND,OVAL,X
439,BOB,STRAIGHT,BLACK,OVAL,OVAL,X
440,BUN,WAVY,BLACK,OVAL,TRIANGLE,X
441,BUN,STRAIGHT,BLACK,SQUARE,OVAL,X
442,BUN,WAVY,BLACK,ROUND,ROUND,X
443,BUN,WAVY,BLACK,OVAL,OVAL,X
444,MEDIUM LENGTH,STRAIGHT,CHATTAIN,OVAL,OVAL,X
445,BUN,STRAIGHT,CHATTAIN,OVAL,TRIANGLE,X
446,LONG HAIR,WAVY,BLACK,ROUND,OVAL,X
447,PONY TAIL,STRAIGHT,BLACK,SQUARE,OVAL,X
448,BOB,STRAIGHT,BLACK,ROUND,OVAL,X
449,PONY TAIL,STRAIGHT,BLACK,OBLONG,OVAL,X
450,BUN,STRAIGHT,BLACK,SQUARE,OVAL,X
451,BUN,WAVY,CHATTAIN,HEART,OVAL,X
452,DREADLOCKS,STRAIGHT,BLACK,ROUND,OVAL,X
453,LONG HAIR,STRAIGHT,BLONDE,OVAL,OVAL,X
454,MEDIUM LENGTH,CURLY,CHATTAIN,OVAL,OVAL,X
455,BOB,STRAIGHT,BLACK,SQUARE,TRIANGLE,X
456,PONY TAIL,STRAIGHT,BLACK,SQUARE,OVAL,X
457,BUN,STRAIGHT,CHATTAIN,OVAL,OVAL,X
458,BUN,WAVY,BLACK,ROUND,TRIANGLE,X
459,PONY TAIL,WAVY,BLACK,ROUND,ROUND,X
460,MEDIUM LENGTH,WAVY,GINGER,HEART,DIAMOND,X
461,LONG HAIR,WAVY,CHATTAIN,OVAL,OVAL,X
462,LONG HAIR,WAVY,CHATTAIN,SQUARE,OVAL,FRECKLES
463,LONG HAIR,STRAIGHT,BLACK,OVAL,TRIANGLE,X
464,BUN,STRAIGHT,CHATTAIN,ROUND,TRIANGLE,X
465,LONG HAIR,STRAIGHT,BLACK,ROUND,ROUND,X
466,PONY TAIL,WAVY,BLACK,HEART,DIAMOND,X
467,LONG HAIR,WAVY,CHATTAIN,ROUND,OVAL,X
468,BUN,WAVY,CHATTAIN,OVAL,OVAL,X
469,BUN,STRAIGHT,CHATTAIN,OVAL,TRIANGLE,X
470,LONG HAIR,WAVY,BLACK,HEART,TRIANGLE,X
471,PONY TAIL,STRAIGHT,BLACK,ROUND,OVAL,X
472,PONY TAIL,STRAIGHT,BLACK,OVAL,TRIANGLE,X
473,BUN,WAVY,GINGER,OVAL,DIAMOND,X
474,PONY TAIL,WAVY,BLACK,HEART,OVAL,X
475,LONG HAIR,WAVY,BLACK,HEART,TRIANGLE,X
476,BUN,WAVY,CHATTAIN,SQUARE,TRIANGLE,X
477,PONY TAIL,CURLY,BLACK,ROUND,OVAL,X
478,LONG HAIR,STRAIGHT,BLACK,SQUARE,TRIANGLE,X
479,BUN,STRAIGHT,GINGER,OBLONG,ROUND,X
480,PONY TAIL,STRAIGHT,BLACK,OVAL,OVAL,X
481,PONY TAIL,STRAIGHT,BLACK,ROUND,ROUND,X
482,LONG HAIR,STRAIGHT,GINGER,ROUND,ROUND,FRECKLES
483,PONY TAIL,STRAIGHT,BLACK,SQUARE,TRIANGLE,X
484,BUN,WAVY,BLACK,OVAL,OVAL,X
485,PONY TAIL,STRAIGHT,BLACK,OVAL,OVAL,X
486,LONG HAIR,STRAIGHT,GINGER,OVAL,OVAL,X
487,PONY TAIL,STRAIGHT,BLACK,ROUND,OVAL,X
488,PONY TAIL,STRAIGHT,BLONDE,OVAL,OVAL,X
489,PONY TAIL,WAVY,GINGER,SQUARE,OVAL,FRECKLES
490,BUN,WAVY,BLACK,OVAL,OVAL,X
491,LONG HAIR,WAVY,BLACK,OVAL,OVAL,X
492,LONG HAIR,WAVY,GINGER,ROUND,DIAMOND,X
493,LONG HAIR,WAVY,BLACK,SQUARE,DIAMOND,X
494,LONG HAIR,STRAIGHT,BLACK,ROUND,OVAL,X
495,PONY TAIL,STRAIGHT,BLACK,OVAL,OVAL,X
496,LONG HAIR,STRAIGHT,BLACK,OVAL,DIAMOND,X
497,BUN,STRAIGHT,BLACK,OVAL,TRIANGLE,X
498,LONG HAIR,STRAIGHT,BLACK,SQUARE,OVAL,X
499,LONG HAIR,STRAIGHT,BLONDE,HEART,OVAL,X
500,LONG HAIR,CURLY,BLACK,SQUARE,OVAL,X
501,BUN,WAVY,BLACK,SQUARE,DIAMOND,X
502,BUN,STRAIGHT,BLACK,OVAL,OVAL,X
503,PONY TAIL,WAVY,BLACK,ROUND,ROUND,X
504,PONY TAIL,STRAIGHT,BLACK,ROUND,ROUND,X
505,LONG HAIR,STRAIGHT,BLACK,HEART,DIAMOND,X
506,PONY TAIL,STRAIGHT,BLACK,SQUARE,DIAMOND,X
507,PONY TAIL,WAVY,CHATTAIN,SQUARE,OVAL,X
508,PIXIE CUT,WAVY,BLACK,HEART,DIAMOND,X
509,PIXIE CUT,WAVY,BLACK,OVAL,DIAMOND,X
510,PIXIE CUT,STRAIGHT,BLACK,OVAL,OVAL,X
511,PIXIE CUT,STRAIGHT,BLACK,SQUARE,DIAMOND,X
512,PIXIE CUT,STRAIGHT,BLACK,OVAL,DIAMOND,X
513,PIXIE CUT,STRAIGHT,BLACK,OVAL,TRIANGLE,X
514,PIXIE CUT,STRAIGHT,BLACK,SQUARE,TRIANGLE,X
515,PIXIE CUT,STRAIGHT,BLACK,SQUARE,DIAMOND,X
516,PIXIE CUT,WAVY,BLACK,ROUND,OVAL,FRECKLES
517,PIXIE CUT,STRAIGHT,BLACK,SQUARE,DIAMOND,X
518,PIXIE CUT,STRAIGHT,BLACK,SQUARE,DIAMOND,X
519,BOB,WAVY,BLACK,ROUND,DIAMOND,X
520,SHORT,STRAIGHT,BLACK,HEART,DIAMOND,X
521,SHORT,STRAIGHT,BLONDE,OVAL,DIAMOND,X
522,BALD,X,X,OVAL,OVAL,X
523,SHORT,WAVY,BLACK,SQUARE,ROUND,X
524,PIXIE CUT,WAVY,CHATTAIN,OVAL,TRIANGLE,X
525,SHORT,WAVY,BLACK,OVAL,TRIANGLE,X
526,SHORT,WAVY,BLACK,ROUND,OVAL,X
527,PIXIE CUT,STRAIGHT,GRAY,HEART,TRIANGLE,X
528,MOHAWK,WAVY,BLACK,SQUARE,TRIANGLE,X
529,BOB,STRAIGHT,BLONDE,OVAL,TRIANGLE,X
530,DREADLOCKS,WAVY,BLONDE,SQUARE,TRIANGLE,X
531,PIXIE CUT,WAVY,BLACK,ROUND,OVAL,X
532,MOHAWK,STRAIGHT,BLACK,SQUARE,DIAMOND,X
533,PIXIE CUT,STRAIGHT,BLACK,SQUARE,DIAMOND,X
534,MOHAWK,WAVY,BLACK,HEART,ROUND,X
535,BOB,WAVY,BLACK,SQUARE,OVAL,X
536,SHAVED,STRAIGHT,BLACK,OBLONG,OVAL,X
537,SHORT,WAVY,BLACK,OVAL,OVAL,X
538,DREADLOCKS,WAVY,BLACK,OBLONG,OVAL,X
539,BOB,WAVY,BLACK,ROUND,OVAL,X
540,MEDIUM LENGTH,STRAIGHT,BLACK,SQUARE,OVAL,X
541,BOB,STRAIGHT,BLONDE,HEART,DIAMOND,X
542,SHORT,WAVY,BLACK,HEART,DIAMOND,X
543,PIXIE CUT,STRAIGHT,BLACK,SQUARE,OVAL,X
544,PIXIE CUT,STRAIGHT,CHATTAIN,SQUARE,TRIANGLE,X
545,BALD,X,X,ROUND,ROUND,X
546,SHORT,STRAIGHT,BLACK,HEART,DIAMOND,X
547,PIXIE CUT,STRAIGHT,BLACK,SQUARE,OVAL,X
548,PIXIE CUT,WAVY,BLACK,ROUND,OVAL,X
549,PIXIE CUT,STRAIGHT,BLACK,HEART,DIAMOND,X
550,PIXIE CUT,CURLY,BLACK,OVAL,OVAL,X
551,DREADLOCKS,WAVY,BLACK,OVAL,DIAMOND,X
552,MOHAWK,CURLY,BLACK,ROUND,OVAL,X
553,PIXIE CUT,WAVY,BLACK,OVAL,DIAMOND,X
554,BOB,CURLY,BLACK,ROUND,OVAL,X
555,DREADLOCKS,WAVY,BLACK,HEART,OVAL,X
556,PIXIE CUT,STRAIGHT,BLACK,HEART,TRIANGLE,X
557,MOHAWK,STRAIGHT,CHATTAIN,SQUARE,TRIANGLE,X
558,PIXIE CUT,STRAIGHT,BLACK,OVAL,TRIANGLE,X
559,PIXIE CUT,STRAIGHT,BLACK,OVAL,ROUND,X
560,PIXIE CUT,STRAIGHT,BLACK,SQUARE,TRIANGLE,X
561,PIXIE CUT,STRAIGHT,NAN,ROUND,OVAL,X
562,SHORT,STRAIGHT,BLACK,OVAL,OVAL,X
563,PIXIE CUT,WAVY,NAN,SQUARE,OVAL,X
564,DREADLOCKS,STRAIGHT,BLACK,HEART,OVAL,X
565,PIXIE CUT,WAVY,CHATTAIN,SQUARE,OVAL,X
566,LONG HAIR,STRAIGHT,BLACK,ROUND,OVAL,X
567,PIXIE CUT,STRAIGHT,BLACK,OVAL,OVAL,X
568,LONG HAIR,STRAIGHT,BLONDE,OVAL,OVAL,X
569,PIXIE CUT,STRAIGHT,BLACK,ROUND,OVAL,X
570,PONY TAIL,STRAIGHT,BLACK,SQUARE,OVAL,X
571,MOHAWK,WAVY,BLACK,ROUND,ROUND,X
572,PIXIE CUT,STRAIGHT,BLACK,SQUARE,TRIANGLE,X
573,PONY TAIL,STRAIGHT,BLONDE,OVAL,OVAL,X
574,SHORT,STRAIGHT,BLACK,ROUND,OVAL,X
575,SHORT,STRAIGHT,CHATTAIN,OVAL,TRIANGLE,X
576,PIXIE CUT,WAVY,BLACK,SQUARE,DIAMOND,X
577,PIXIE CUT,STRAIGHT,CHATTAIN,SQUARE,OVAL,X
578,SHORT,STRAIGHT,BLACK,ROUND,OVAL,X
579,PIXIE CUT,WAVY,CHATTAIN,SQUARE,OVAL,X
580,DREADLOCKS,WAVY,BLACK,OVAL,TRIANGLE,X
581,SHORT,WAVY,BLACK,OVAL,OVAL,X
582,DREADLOCKS,WAVY,BLACK,ROUND,OVAL,X
583,DREADLOCKS,STRAIGHT,BLACK,OVAL,OVAL,X
584,PIXIE CUT,STRAIGHT,CHATTAIN,OBLONG,TRIANGLE,X
585,DREADLOCKS,WAVY,BLACK,SQUARE,OVAL,X
586,DREADLOCKS,WAVY,BLACK,SQUARE,DIAMOND,X
587,MOHAWK,STRAIGHT,BLACK,OVAL,OVAL,X
588,PIXIE CUT,STRAIGHT,BLACK,ROUND,OVAL,X
589,MOHAWK,STRAIGHT,BLACK,SQUARE,TRIANGLE,X
590,PONY TAIL,STRAIGHT,CHATTAIN,OVAL,OVAL,X
591,PONY TAIL,STRAIGHT,CHATTAIN,ROUND,ROUND,X
592,PIXIE CUT,COILY,BLACK,SQUARE,TRIANGLE,X
593,PIXIE CUT,STRAIGHT,CHATTAIN,OVAL,OVAL,X
594,MOHAWK,CURLY,BLACK,ROUND,TRIANGLE,X
595,MOHAWK,STRAIGHT,BLACK,OVAL,OVAL,X
596,MOHAWK,STRAIGHT,BLACK,SQUARE,OVAL,X
597,PONY TAIL,STRAIGHT,BLACK,OVAL,OVAL,X
598,SHAVED,X,BLACK,SQUARE,OVAL,X
599,PIXIE CUT,STRAIGHT,BLACK,SQUARE,TRIANGLE,X
600,PIXIE CUT,STRAIGHT,CHATTAIN,ROUND,OVAL,X