files,hair_style,hair_type,hair_color,face_shape,jaw,freckles,hairsub2,hairsub3
0,LONG HAIR,STRAIGHT,BLACK,SQUARE,OVAL,X,06_LONGHAIR_STRAIGHT,06_LONGHAIR_STRAIGHT
1,LONG HAIR,STRAIGHT,BLACK,HEART,TRIANGLE,X,06_LONGHAIR_STRAIGHT,06_LONGHAIR_STRAIGHT
2,PONY TAIL,STRAIGHT,BLACK,OVAL,OVAL,FRECKLES,14_PONYTAIL,X
3,LONG HAIR,STRAIGHT,BLACK,SQUARE,TRIANGLE,X,06_LONGHAIR_STRAIGHT,06_LONGHAIR_STRAIGHT
4,BUN,STRAIGHT,BLACK,SQUARE,OVAL,X,03_BUN,03_BUN
5,LONG HAIR,STRAIGHT,BLACK,SQUARE,OVAL,X,06_LONGHAIR_STRAIGHT,06_LONGHAIR_STRAIGHT
6,LONG HAIR,STRAIGHT,BLACK,OVAL,OVAL,X,06_LONGHAIR_STRAIGHT,06_LONGHAIR_STRAIGHT
7,PONY TAIL,CURLY,BLACK,OVAL,ROUND,X,14_PONYTAIL,14_PONYTAIL
8,BUN,STRAIGHT,BLACK,ROUND,OVAL,X,03_BUN,03_BUN
9,LONG HAIR,STRAIGHT,BLACK,OVAL,TRIANGLE,X,06_LONGHAIR_STRAIGHT,06_LONGHAIR_STRAIGHT
10,LONG HAIR,STRAIGHT,BLACK,OVAL,ROUND,X,06_LONGHAIR_STRAIGHT,06_LONGHAIR_STRAIGHT
11,BUN,STRAIGHT,BLACK,HEART,TRIANGLE,X,03_BUN,03_BUN
12,BUN,CURLY,BLACK,HEART,OVAL,X,03_BUN,03_BUN
13,BUN,STRAIGHT,BLACK,HEART,TRIANGLE,X,03_BUN,03_BUN
14,PONY TAIL,STRAIGHT,BLACK,HEART,DIAMOND,X,14_PONYTAIL,14_PONYTAIL
15,BUN,STRAIGHT,BLACK,ROUND,OVAL,X,03_BUN,03_BUN
16,LONG HAIR,STRAIGHT,BLACK,SQUARE,DIAMOND,X,06_LONGHAIR_STRAIGHT,06_LONGHAIR_STRAIGHT
17,PONY TAIL,WAVY,BROWN,SQUARE,DIAMOND,X,14_PONYTAIL,14_PONYTAIL
18,PONY TAIL,STRAIGHT,BLACK,HEART,DIAMOND,X,14_PONYTAIL,14_PONYTAIL
19,LONG HAIR,STRAIGHT,BLACK,HEART,TRIANGLE,X,06_LONGHAIR_STRAIGHT,06_LONGHAIR_STRAIGHT
20,BUN,STRAIGHT,BLACK,ROUND,ROUND,X,03_BUN,03_BUN
21,BUN,STRAIGHT,BLACK,ROUND,ROUND,X,03_BUN,03_BUN
22,BUN,STRAIGHT,BLACK,HEART,TRIANGLE,X,03_BUN,03_BUN
23,MEDIUM LENGTH,STRAIGHT,BLACK,SQUARE,DIAMOND,FRECKLES,09_MEDIUMLENGTH_STRAIGHT_WAVY,09_MEDIUMLENGTH_STRAIGHT_WAVY
24,BUN,CURLY,BLACK,SQUARE,DIAMOND,X,03_BUN,03_BUN
25,PONY TAIL,STRAIGHT,BLACK,ROUND,OVAL,X,14_PONYTAIL,14_PONYTAIL
26,LONG HAIR,WAVY,BLACK,SQUARE,DIAMOND,X,07_LONGHAIR_WAVY,07_LONGHAIR_WAVY
27,LONG HAIR,STRAIGHT,BLACK,SQUARE,DIAMOND,X,06_LONGHAIR_STRAIGHT,06_LONGHAIR_STRAIGHT
28,LONG HAIR,STRAIGHT,BLACK,SQUARE,TRIANGLE,X,06_LONGHAIR_STRAIGHT,06_LONGHAIR_STRAIGHT
29,BUN,STRAIGHT,BLACK,SQUARE,DIAMOND,X,03_BUN,03_BUN
30,LONG HAIR,STRAIGHT,BLACK,ROUND,DIAMOND,X,06_LONGHAIR_STRAIGHT,06_LONGHAIR_STRAIGHT
31,PONY TAIL,STRAIGHT,BLACK,ROUND,OVAL,FRECKLES,14_PONYTAIL,14_PONYTAIL
32,LONG HAIR,STRAIGHT,BLACK,SQUARE,ROUND,X,06_LONGHAIR_STRAIGHT,06_LONGHAIR_STRAIGHT
33,LONG HAIR,STRAIGHT,BLACK,HEART,TRIANGLE,X,06_LONGHAIR_STRAIGHT,06_LONGHAIR_STRAIGHT
34,BUN,STRAIGHT,BLACK,ROUND,OVAL,X,03_BUN,03_BUN
35,PONY TAIL,STRAIGHT,BLACK,SQUARE,DIAMOND,X,14_PONYTAIL,14_PONYTAIL
36,BUN,STRAIGHT,BLACK,OVAL,OVAL,FRECKLES,03_BUN,03_BUN
37,MEDIUM LENGTH,STRAIGHT,BLACK,HEART,TRIANGLE,X,09_MEDIUMLENGTH_STRAIGHT_WAVY,09_MEDIUMLENGTH_STRAIGHT_WAVY
38,PONY TAIL,STRAIGHT,BLACK,OVAL,OVAL,X,14_PONYTAIL,14_PONYTAIL
39,MEDIUM LENGTH,STRAIGHT,BLACK,OVAL,OVAL,X,09_MEDIUMLENGTH_STRAIGHT_WAVY,09_MEDIUMLENGTH_STRAIGHT_WAVY
40,BUN,STRAIGHT,BLACK,OVAL,OVAL,X,03_BUN,03_BUN
41,LONG HAIR,STRAIGHT,BLACK,SQUARE,DIAMOND,X,06_LONGHAIR_STRAIGHT,06_LONGHAIR_STRAIGHT
42,LONG HAIR,STRAIGHT,BLACK,SQUARE,DIAMOND,FRECKLES,06_LONGHAIR_STRAIGHT,06_LONGHAIR_STRAIGHT
43,LONG HAIR,STRAIGHT,BLACK,OVAL,TRIANGLE,X,06_LONGHAIR_STRAIGHT,06_LONGHAIR_STRAIGHT
44,LONG HAIR,STRAIGHT,BLACK,HEART,DIAMOND,X,06_LONGHAIR_STRAIGHT,06_LONGHAIR_STRAIGHT
45,LONG HAIR,STRAIGHT,BLACK,SQUARE,DIAMOND,X,06_LONGHAIR_STRAIGHT,06_LONGHAIR_STRAIGHT
46,LONG HAIR,STRAIGHT,BLACK,OVAL,DIAMOND,X,06_LONGHAIR_STRAIGHT,06_LONGHAIR_STRAIGHT
47,LONG HAIR,STRAIGHT,BLACK,HEART,DIAMOND,X,06_LONGHAIR_STRAIGHT,06_LONGHAIR_STRAIGHT
48,LONG HAIR,STRAIGHT,BLACK,SQUARE,DIAMOND,X,06_LONGHAIR_STRAIGHT,06_LONGHAIR_STRAIGHT
49,LONG HAIR,WAVY,BLACK,SQUARE,DIAMOND,X,07_LONGHAIR_WAVY,07_LONGHAIR_WAVY
50,LONG HAIR,STRAIGHT,BLACK,OVAL,OVAL,X,06_LONGHAIR_STRAIGHT,06_LONGHAIR_STRAIGHT
51,LONG HAIR,STRAIGHT,BLACK,SQUARE,DIAMOND,X,06_LONGHAIR_STRAIGHT,06_LONGHAIR_STRAIGHT
52,BUN,STRAIGHT,BLACK,OVAL,OVAL,X,03_BUN,03_BUN
53,LONG HAIR,STRAIGHT,BLACK,HEART,TRIANGLE,X,06_LONGHAIR_STRAIGHT,06_LONGHAIR_STRAIGHT
54,LONG HAIR,STRAIGHT,BLACK,HEART,TRIANGLE,X,06_LONGHAIR_STRAIGHT,06_LONGHAIR_STRAIGHT
55,LONG HAIR,STRAIGHT,BLACK,SQUARE,TRIANGLE,X,06_LONGHAIR_STRAIGHT,06_LONGHAIR_STRAIGHT
56,LONG HAIR,STRAIGHT,BLACK,SQUARE,DIAMOND,X,06_LONGHAIR_STRAIGHT,06_LONGHAIR_STRAIGHT
57,MOHAWK,STRAIGHT,BLACK,OVAL,OVAL,X,10_MOHAWK,10_MOHAWK
58,BOB,STRAIGHT,BLACK,ROUND,ROUND,X,02_BOB_STRAIGHT_WAVY,02_BOB_STRAIGHT_WAVY
59,PONY TAIL,STRAIGHT,BLACK,SQUARE,OVAL,X,14_PONYTAIL,14_PONYTAIL
60,MOHAWK,STRAIGHT,BLACK,SQUARE,DIAMOND,X,10_MOHAWK,10_MOHAWK
61,BALD,X,BLACK,SQUARE,TRIANGLE,X,00_BALD,00_BALD
62,PIXIE CUT,STRAIGHT,BLACK,ROUND,ROUND,X,11_PIXIECUT_STRAIGHT,11_PIXIECUT_STRAIGHT
63,SHORT,STRAIGHT,BLACK,SQUARE,TRIANGLE,X,17_PIXIECUT_STRAIGHT,17_PIXIECUT_STRAIGHT
64,PIXIE CUT,STRAIGHT,BLACK,OVAL,TRIANGLE,X,11_PIXIECUT_STRAIGHT,10_MOHAWK
65,MOHAWK,STRAIGHT,BLACK,ROUND,OVAL,X,10_MOHAWK,10_MOHAWK
66,PIXIE CUT,STRAIGHT,BLACK,HEART,OVAL,X,11_PIXIECUT_STRAIGHT,11_PIXIECUT_STRAIGHT
67,SHORT,STRAIGHT,BLACK,SQUARE,OVAL,X,17_PIXIECUT_STRAIGHT,17_PIXIECUT_STRAIGHT
68,SHORT,STRAIGHT,BLACK,OVAL,ROUND,X,17_PIXIECUT_STRAIGHT,17_PIXIECUT_STRAIGHT
69,SHORT,STRAIGHT,BLACK,OVAL,DIAMOND,X,17_PIXIECUT_STRAIGHT,17_PIXIECUT_STRAIGHT
70,MOHAWK,CURLY,BLACK,SQUARE,DIAMOND,X,10_MOHAWK,X
71,PIXIE CUT,WAVY,GRAY,SQUARE,DIAMOND,X,13_PIXIECUT_WAVY,11_PIXIECUT_STRAIGHT
72,MOHAWK,STRAIGHT,BLACK,SQUARE,DIAMOND,X,10_MOHAWK,10_MOHAWK
73,SHORT,WAVY,BLACK,HEART,TRIANGLE,X,18_PIXIECUT_WAVY,18_PIXIECUT_WAVY
74,MOHAWK,WAVY,BLACK,SQUARE,OVAL,X,10_MOHAWK,10_MOHAWK
75,MOHAWK,WAVY,BLACK,HEART,TRIANGLE,X,10_MOHAWK,X
76,SHORT,STRAIGHT,BLACK,OVAL,OVAL,X,17_PIXIECUT_STRAIGHT,17_PIXIECUT_STRAIGHT
77,PIXIE CUT,STRAIGHT,BLACK,SQUARE,DIAMOND,X,11_PIXIECUT_STRAIGHT,11_PIXIECUT_STRAIGHT
78,MOHAWK,STRAIGHT,BLACK,HEART,OVAL,X,10_MOHAWK,X
79,PIXIE CUT,STRAIGHT,BLACK,ROUND,ROUND,X,11_PIXIECUT_STRAIGHT,11_PIXIECUT_STRAIGHT
80,MOHAWK,WAVY,BLACK,SQUARE,OVAL,X,10_MOHAWK,10_MOHAWK
81,PIXIE CUT,STRAIGHT,BLACK,ROUND,ROUND,X,11_PIXIECUT_STRAIGHT,11_PIXIECUT_STRAIGHT
82,SHAVED,X,BLACK,ROUND,DIAMOND,X,15_SHAVED,15_SHAVED
83,MOHAWK,STRAIGHT,BLACK,HEART,TRIANGLE,X,10_MOHAWK,10_MOHAWK
84,MOHAWK,WAVY,BLACK,SQUARE,OVAL,X,10_MOHAWK,10_MOHAWK
85,SHORT,STRAIGHT,BLACK,ROUND,ROUND,X,17_PIXIECUT_STRAIGHT,17_PIXIECUT_STRAIGHT
86,PIXIE CUT,STRAIGHT,BLACK,SQUARE,OVAL,X,11_PIXIECUT_STRAIGHT,10_MOHAWK
87,BUN,WAVY,BLACK,OVAL,ROUND,X,03_BUN,03_BUN
88,SHORT,WAVY,GRAY,SQUARE,DIAMOND,X,18_PIXIECUT_WAVY,18_PIXIECUT_WAVY
89,SHORT,STRAIGHT,BLACK,SQUARE,DIAMOND,X,17_PIXIECUT_STRAIGHT,17_PIXIECUT_STRAIGHT
90,SHAVED,X,BLACK,SQUARE,ROUND,X,15_SHAVED,15_SHAVED
91,SHORT,STRAIGHT,BLACK,SQUARE,OVAL,X,17_PIXIECUT_STRAIGHT,17_PIXIECUT_STRAIGHT
92,DREADLOCKS,WAVY,BLACK,OVAL,OVAL,X,04_DREADLOCKS,04_DREADLOCKS
93,PIXIE CUT,STRAIGHT,BLACK,OVAL,OVAL,X,11_PIXIECUT_STRAIGHT,11_PIXIECUT_STRAIGHT
94,MOHAWK,STRAIGHT,BLACK,SQUARE,DIAMOND,X,10_MOHAWK,10_MOHAWK
95,MOHAWK,STRAIGHT,BLACK,ROUND,ROUND,X,10_MOHAWK,10_MOHAWK
96,MOHAWK,WAVY,BLACK,OVAL,OVAL,X,10_MOHAWK,10_MOHAWK
97,PIXIE CUT,STRAIGHT,BLACK,SQUARE,DIAMOND,X,11_PIXIECUT_STRAIGHT,10_MOHAWK
98,PIXIE CUT,STRAIGHT,BLACK,HEART,DIAMOND,X,11_PIXIECUT_STRAIGHT,11_PIXIECUT_STRAIGHT
99,PIXIE CUT,STRAIGHT,BLONDE,SQUARE,DIAMOND,X,11_PIXIECUT_STRAIGHT,11_PIXIECUT_STRAIGHT
100,MOHAWK,WAVY,BLACK,HEART,DIAMOND,X,10_MOHAWK,X
101,DREADLOCKS,DREADLOCKS,BLACK,OVAL,OVAL,X,04_DREADLOCKS,04_DREADLOCKS
102,MOHAWK,WAVY,BLACK,SQUARE,ROUND,X,10_MOHAWK,X
103,MOHAWK,WAVY,BLACK,HEART,DIAMOND,X,10_MOHAWK,10_MOHAWK
104,MOHAWK,WAVY,BLACK,SQUARE,DIAMOND,X,10_MOHAWK,X
105,PIXIE CUT,WAVY,BLACK,HEART,DIAMOND,X,13_PIXIECUT_WAVY,13_PIXIECUT_WAVY
106,MOHAWK,STRAIGHT,BLACK,SQUARE,OVAL,X,10_MOHAWK,10_MOHAWK
107,PIXIE CUT,WAVY,BLACK,ROUND,OVAL,X,13_PIXIECUT_WAVY,13_PIXIECUT_WAVY
108,PIXIE CUT,WAVY,BLACK,HEART,DIAMOND,X,13_PIXIECUT_WAVY,13_PIXIECUT_WAVY
109,BOB,STRAIGHT,BLACK,OVAL,ROUND,X,02_BOB_STRAIGHT_WAVY,X
110,MEDIUM LENGTH,STRAIGHT,BLACK,SQUARE,DIAMOND,X,09_MEDIUMLENGTH_STRAIGHT_WAVY,09_MEDIUMLENGTH_STRAIGHT_WAVY
111,PONY TAIL,STRAIGHT,BLACK,OVAL,OVAL,X,14_PONYTAIL,14_PONYTAIL
112,PONY TAIL,COILY,BLACK,HEART,OVAL,X,14_PONYTAIL,14_PONYTAIL
113,PONY TAIL,WAVY,BLACK,SQUARE,OVAL,X,14_PONYTAIL,14_PONYTAIL
114,PONY TAIL,STRAIGHT,BLACK,OVAL,ROUND,X,14_PONYTAIL,14_PONYTAIL
115,BUN,STRAIGHT,BLACK,SQUARE,DIAMOND,X,03_BUN,03_BUN
116,BOB,CURLY,BLACK,HEART,TRIANGLE,X,01_BOB_COILY_CURLY,01_BOB_COILY_CURLY
117,PONY TAIL,STRAIGHT,BLACK,OVAL,ROUND,X,14_PONYTAIL,14_PONYTAIL
118,LONG HAIR,STRAIGHT,BLACK,HEART,TRIANGLE,X,06_LONGHAIR_STRAIGHT,06_LONGHAIR_STRAIGHT
119,BUN,CURLY,BLACK,HEART,DIAMOND,X,03_BUN,X
120,BUN,STRAIGHT,BLACK,ROUND,ROUND,X,03_BUN,03_BUN
121,BUN,STRAIGHT,BLACK,OVAL,TRIANGLE,X,03_BUN,03_BUN
122,BUN,STRAIGHT,BLACK,OVAL,OVAL,X,03_BUN,03_BUN
123,BOB,CURLY,BLACK,HEART,DIAMOND,X,01_BOB_COILY_CURLY,01_BOB_COILY_CURLY
124,MEDIUM LENGTH,STRAIGHT,BLACK,OVAL,ROUND,X,09_MEDIUMLENGTH_STRAIGHT_WAVY,09_MEDIUMLENGTH_STRAIGHT_WAVY
125,BUN,STRAIGHT,BLACK,OVAL,TRIANGLE,X,03_BUN,03_BUN
126,BOB,WAVY,BLACK,OVAL,ROUND,X,02_BOB_STRAIGHT_WAVY,02_BOB_STRAIGHT_WAVY
127,BUN,STRAIGHT,BLACK,OVAL,ROUND,X,03_BUN,03_BUN
128,PONY TAIL,DREADLOCKS,BLACK,OVAL,OVAL,X,14_PONYTAIL,14_PONYTAIL
129,BOB,STRAIGHT,BLACK,OVAL,DIAMOND,X,02_BOB_STRAIGHT_WAVY,02_BOB_STRAIGHT_WAVY
130,MEDIUM LENGTH,WAVY,BLACK,SQUARE,DIAMOND,X,09_MEDIUMLENGTH_STRAIGHT_WAVY,09_MEDIUMLENGTH_STRAIGHT_WAVY
131,PONY TAIL,COILY,BLACK,HEART,TRIANGLE,X,14_PONYTAIL,14_PONYTAIL
132,PONY TAIL,COILY,BLACK,OVAL,TRIANGLE,X,14_PONYTAIL,X
133,BUN,STRAIGHT,BLACK,OVAL,DIAMOND,X,03_BUN,X
134,BUN,WAVY,BLACK,OVAL,OVAL,X,03_BUN,03_BUN
135,PONY TAIL,DREADLOCKS,BLACK,OVAL,TRIANGLE,X,14_PONYTAIL,X
136,BOB,STRAIGHT,BLACK,HEART,TRIANGLE,X,02_BOB_STRAIGHT_WAVY,02_BOB_STRAIGHT_WAVY
137,MEDIUM LENGTH,WAVY,BLACK,OVAL,OVAL,X,09_MEDIUMLENGTH_STRAIGHT_WAVY,09_MEDIUMLENGTH_STRAIGHT_WAVY
138,PIXIE CUT,COILY,BLACK,OVAL,ROUND,X,12_PIXIECUT_COILY,12_PIXIECUT_COILY
139,PIXIE CUT,DREADLOCKS,BLACK,SQUARE,ROUND,X,X,X
140,BUN,WAVY,BLACK,SQUARE,ROUND,X,03_BUN,03_BUN
141,PIXIE CUT,COILY,BLACK,OVAL,OVAL,X,12_PIXIECUT_COILY,12_PIXIECUT_COILY
142,MEDIUM LENGTH,WAVY,BLACK,HEART,DIAMOND,X,09_MEDIUMLENGTH_STRAIGHT_WAVY,09_MEDIUMLENGTH_STRAIGHT_WAVY
143,PONY TAIL,WAVY,BLACK,OVAL,OVAL,X,14_PONYTAIL,14_PONYTAIL
144,LONG HAIR,DREADLOCKS,BLACK,ROUND,ROUND,X,X,X
145,PONY TAIL,COILY,BLACK,HEART,OVAL,X,14_PONYTAIL,14_PONYTAIL
146,PONY TAIL,COILY,BLACK,OBLONG,TRIANGLE,X,14_PONYTAIL,14_PONYTAIL
147,PONY TAIL,COILY,BLACK,SQUARE,OVAL,X,14_PONYTAIL,14_PONYTAIL
148,PONY TAIL,COILY,BLACK,SQUARE,DIAMOND,X,14_PONYTAIL,14_PONYTAIL
149,BUN,STRAIGHT,BLACK,ROUND,ROUND,X,03_BUN,03_BUN
150,PONY TAIL,COILY,BLACK,OVAL,ROUND,X,14_PONYTAIL,14_PONYTAIL
151,PIXIE CUT,COILY,BLACK,SQUARE,DIAMOND,X,12_PIXIECUT_COILY,12_PIXIECUT_COILY
152,PONY TAIL,STRAIGHT,BLACK,SQUARE,OVAL,X,14_PONYTAIL,14_PONYTAIL
153,LONG HAIR,STRAIGHT,BLACK,OVAL,OVAL,X,06_LONGHAIR_STRAIGHT,06_LONGHAIR_STRAIGHT
154,BUN,STRAIGHT,BLACK,HEART,TRIANGLE,X,03_BUN,03_BUN
155,PONY TAIL,COILY,BLACK,SQUARE,TRIANGLE,X,14_PONYTAIL,14_PONYTAIL
156,PIXIE CUT,COILY,BLACK,SQUARE,OVAL,X,12_PIXIECUT_COILY,12_PIXIECUT_COILY
157,PONY TAIL,STRAIGHT,BLACK,OBLONG,TRIANGLE,FRECKLES,14_PONYTAIL,14_PONYTAIL
158,LONG HAIR,STRAIGHT,BLACK,OVAL,TRIANGLE,X,06_LONGHAIR_STRAIGHT,06_LONGHAIR_STRAIGHT
159,BUN,STRAIGHT,BLACK,SQUARE,TRIANGLE,X,03_BUN,03_BUN
160,MEDIUM LENGTH,STRAIGHT,BLACK,OVAL,ROUND,X,09_MEDIUMLENGTH_STRAIGHT_WAVY,09_MEDIUMLENGTH_STRAIGHT_WAVY
161,MEDIUM LENGTH,CURLY,BLACK,SQUARE,DIAMOND,X,08_MEDIUM_LENGTH_COILY_CURLY,08_MEDIUM_LENGTH_COILY_CURLY
162,PONY TAIL,COILY,BLACK,SQUARE,ROUND,X,14_PONYTAIL,14_PONYTAIL
163,PONY TAIL,COILY,BLACK,ROUND,ROUND,X,14_PONYTAIL,14_PONYTAIL
164,PONY TAIL,CURLY,BLACK,OVAL,TRIANGLE,X,14_PONYTAIL,14_PONYTAIL
165,LONG HAIR,CURLY,BLACK,SQUARE,DIAMOND,X,05_LONGHAIR_CURLY,05_LONGHAIR_CURLY
166,BUN,COILY,BLACK,ROUND,ROUND,X,03_BUN,03_BUN
167,BOB,COILY,BLACK,OVAL,TRIANGLE,X,01_BOB_COILY_CURLY,01_BOB_COILY_CURLY
168,MEDIUM LENGTH,DREADLOCKS,BLACK,OVAL,OVAL,X,X,X
169,PIXIE CUT,COILY,BLACK,SQUARE,TRIANGLE,X,12_PIXIECUT_COILY,12_PIXIECUT_COILY
170,PIXIE CUT,COILY,BLACK,OVAL,OVAL,X,12_PIXIECUT_COILY,12_PIXIECUT_COILY
171,LONG HAIR,CURLY,BLACK,SQUARE,TRIANGLE,X,05_LONGHAIR_CURLY,05_LONGHAIR_CURLY
172,BUN,STRAIGHT,BLACK,OBLONG,DIAMOND,X,03_BUN,03_BUN
173,BUN,WAVY,BLACK,OVAL,TRIANGLE,X,03_BUN,03_BUN
174,MEDIUM LENGTH,STRAIGHT,BLACK,ROUND,ROUND,X,09_MEDIUMLENGTH_STRAIGHT_WAVY,09_MEDIUMLENGTH_STRAIGHT_WAVY
175,MEDIUM LENGTH,COILY,BLACK,SQUARE,TRIANGLE,X,08_MEDIUM_LENGTH_COILY_CURLY,08_MEDIUM_LENGTH_COILY_CURLY
176,BUN,STRAIGHT,BLACK,SQUARE,OVAL,X,03_BUN,03_BUN
177,PONY TAIL,COILY,BLACK,SQUARE,OVAL,X,14_PONYTAIL,14_PONYTAIL
178,MEDIUM LENGTH,STRAIGHT,BLACK,OVAL,OVAL,X,09_MEDIUMLENGTH_STRAIGHT_WAVY,09_MEDIUMLENGTH_STRAIGHT_WAVY
179,PONY TAIL,STRAIGHT,BLACK,HEART,DIAMOND,X,14_PONYTAIL,14_PONYTAIL
180,MEDIUM LENGTH,CURLY,BLACK,SQUARE,TRIANGLE,X,08_MEDIUM_LENGTH_COILY_CURLY,08_MEDIUM_LENGTH_COILY_CURLY
181,PONY TAIL,COILY,BLACK,ROUND,OVAL,X,14_PONYTAIL,14_PONYTAIL
182,PONY TAIL,COILY,BLACK,ROUND,OVAL,X,14_PONYTAIL,14_PONYTAIL
183,BOB,CURLY,BLACK,SQUARE,OVAL,X,01_BOB_COILY_CURLY,01_BOB_COILY_CURLY
184,PIXIE CUT,COILY,BLACK,SQUARE,OVAL,X,12_PIXIECUT_COILY,12_PIXIECUT_COILY
185,MEDIUM LENGTH,WAVY,BLACK,SQUARE,OVAL,X,09_MEDIUMLENGTH_STRAIGHT_WAVY,09_MEDIUMLENGTH_STRAIGHT_WAVY
186,BOB,COILY,BLACK,HEART,DIAMOND,X,01_BOB_COILY_CURLY,01_BOB_COILY_CURLY
187,MEDIUM LENGTH,WAVY,BLACK,ROUND,OVAL,X,09_MEDIUMLENGTH_STRAIGHT_WAVY,09_MEDIUMLENGTH_STRAIGHT_WAVY
188,SHORT,COILY,BLACK,SQUARE,DIAMOND,X,16_PIXIECUT_COILY_CURLY,16_PIXIECUT_COILY_CURLY
189,LONG HAIR,WAVY,BLACK,ROUND,OVAL,X,07_LONGHAIR_WAVY,07_LONGHAIR_WAVY
190,LONG HAIR,STRAIGHT,BLACK,OVAL,TRIANGLE,X,06_LONGHAIR_STRAIGHT,06_LONGHAIR_STRAIGHT
191,LONG HAIR,STRAIGHT,BLONDE,ROUND,ROUND,X,06_LONGHAIR_STRAIGHT,06_LONGHAIR_STRAIGHT
192,LONG HAIR,DREADLOCKS,BLACK,ROUND,ROUND,X,X,X
193,MEDIUM LENGTH,WAVY,BLONDE,ROUND,ROUND,X,09_MEDIUMLENGTH_STRAIGHT_WAVY,09_MEDIUMLENGTH_STRAIGHT_WAVY
194,BUN,STRAIGHT,BLACK,ROUND,DIAMOND,X,03_BUN,03_BUN
195,PIXIE CUT,WAVY,BLACK,OVAL,DIAMOND,X,13_PIXIECUT_WAVY,13_PIXIECUT_WAVY
196,BOB,CURLY,BLACK,OVAL,TRIANGLE,X,01_BOB_COILY_CURLY,01_BOB_COILY_CURLY
197,LONG HAIR,CURLY,BLACK,OVAL,OVAL,X,05_LONGHAIR_CURLY,05_LONGHAIR_CURLY
198,MEDIUM LENGTH,STRAIGHT,BLACK,OVAL,OVAL,X,09_MEDIUMLENGTH_STRAIGHT_WAVY,09_MEDIUMLENGTH_STRAIGHT_WAVY
199,PIXIE CUT,STRAIGHT,BLACK,HEART,DIAMOND,X,11_PIXIECUT_STRAIGHT,11_PIXIECUT_STRAIGHT
200,LONG HAIR,WAVY,BLACK,SQUARE,ROUND,X,07_LONGHAIR_WAVY,07_LONGHAIR_WAVY
201,LONG HAIR,STRAIGHT,BLACK,OVAL,TRIANGLE,X,06_LONGHAIR_STRAIGHT,06_LONGHAIR_STRAIGHT
202,PONY TAIL,COILY,BLACK,OVAL,TRIANGLE,X,14_PONYTAIL,14_PONYTAIL
203,LONG HAIR,CURLY,BLACK,SQUARE,ROUND,X,05_LONGHAIR_CURLY,05_LONGHAIR_CURLY
204,LONG HAIR,WAVY,BLACK,OVAL,TRIANGLE,X,07_LONGHAIR_WAVY,07_LONGHAIR_WAVY
205,LONG HAIR,CURLY,BLACK,HEART,OVAL,X,05_LONGHAIR_CURLY,05_LONGHAIR_CURLY
206,BOB,COILY,BLACK,OVAL,OVAL,X,01_BOB_COILY_CURLY,01_BOB_COILY_CURLY
207,LONG HAIR,STRAIGHT,BLACK,OBLONG,TRIANGLE,X,06_LONGHAIR_STRAIGHT,06_LONGHAIR_STRAIGHT
208,BOB,COILY,BLACK,SQUARE,TRIANGLE,X,01_BOB_COILY_CURLY,01_BOB_COILY_CURLY
209,PONY TAIL,COILY,BLACK,ROUND,ROUND,X,14_PONYTAIL,14_PONYTAIL
210,BOB,COILY,BLACK,ROUND,ROUND,X,01_BOB_COILY_CURLY,X
211,PONY TAIL,CURLY,BLACK,OVAL,TRIANGLE,X,14_PONYTAIL,14_PONYTAIL
212,BUN,STRAIGHT,BLACK,OVAL,OVAL,X,03_BUN,03_BUN
213,SHAVED,X,BLACK,SQUARE,TRIANGLE,X,15_SHAVED,15_SHAVED
214,SHAVED,X,BLACK,OVAL,TRIANGLE,X,15_SHAVED,15_SHAVED
215,SHORT,COILY,BLACK,OVAL,TRIANGLE,X,16_PIXIECUT_COILY_CURLY,16_PIXIECUT_COILY_CURLY
216,SHORT,COILY,BLACK,HEART,OVAL,X,16_PIXIECUT_COILY_CURLY,16_PIXIECUT_COILY_CURLY
217,SHAVED,COILY,BLACK,OVAL,OVAL,X,15_SHAVED,16_PIXIECUT_COILY_CURLY
218,SHORT,COILY,BLACK,OVAL,TRIANGLE,X,16_PIXIECUT_COILY_CURLY,16_PIXIECUT_COILY_CURLY
219,SHORT,COILY,BLACK,SQUARE,OVAL,X,16_PIXIECUT_COILY_CURLY,16_PIXIECUT_COILY_CURLY
220,SHORT,COILY,BLACK,OVAL,OVAL,X,16_PIXIECUT_COILY_CURLY,16_PIXIECUT_COILY_CURLY
221,SHAVED,X,BLACK,OBLONG,OVAL,X,15_SHAVED,15_SHAVED
222,SHORT,COILY,BLACK,OVAL,OVAL,X,16_PIXIECUT_COILY_CURLY,16_PIXIECUT_COILY_CURLY
223,BALD,X,X,OVAL,OVAL,X,00_BALD,00_BALD
224,SHORT,COILY,BLACK,SQUARE,OVAL,X,16_PIXIECUT_COILY_CURLY,16_PIXIECUT_COILY_CURLY
225,SHORT,CURLY,BLACK,OVAL,OVAL,X,16_PIXIECUT_COILY_CURLY,16_PIXIECUT_COILY_CURLY
226,SHORT,CURLY,BLACK,OVAL,TRIANGLE,X,16_PIXIECUT_COILY_CURLY,16_PIXIECUT_COILY_CURLY
227,SHORT,COILY,BLACK,ROUND,TRIANGLE,X,16_PIXIECUT_COILY_CURLY,16_PIXIECUT_COILY_CURLY
228,SHAVED,COILY,BLACK,OVAL,DIAMOND,X,15_SHAVED,15_SHAVED
229,SHAVED,X,BLACK,SQUARE,ROUND,X,15_SHAVED,15_SHAVED
230,SHORT,COILY,BLACK,SQUARE,DIAMOND,X,16_PIXIECUT_COILY_CURLY,16_PIXIECUT_COILY_CURLY
231,PIXIE CUT,COILY,BLACK,OVAL,TRIANGLE,X,12_PIXIECUT_COILY,12_PIXIECUT_COILY
232,PIXIE CUT,COILY,BLACK,SQUARE,OVAL,X,12_PIXIECUT_COILY,12_PIXIECUT_COILY
233,BALD,X,BLACK,SQUARE,ROUND,X,00_BALD,00_BALD
234,SHORT,CURLY,BLACK,OVAL,TRIANGLE,X,16_PIXIECUT_COILY_CURLY,16_PIXIECUT_COILY_CURLY
235,SHORT,CURLY,BLACK,OVAL,TRIANGLE,X,16_PIXIECUT_COILY_CURLY,16_PIXIECUT_COILY_CURLY
236,SHAVED,X,BLACK,SQUARE,OVAL,X,15_SHAVED,15_SHAVED
237,SHAVED,X,BLACK,OVAL,TRIANGLE,X,15_SHAVED,15_SHAVED
238,SHORT,COILY,BLACK,SQUARE,TRIANGLE,X,16_PIXIECUT_COILY_CURLY,16_PIXIECUT_COILY_CURLY
239,PIXIE CUT,WAVY,BLACK,OBLONG,OVAL,X,13_PIXIECUT_WAVY,11_PIXIECUT_STRAIGHT
240,BALD,X,X,OVAL,OVAL,X,00_BALD,00_BALD
241,SHORT,COILY,BLACK,SQUARE,ROUND,X,16_PIXIECUT_COILY_CURLY,16_PIXIECUT_COILY_CURLY
242,SHAVED,X,BLACK,OVAL,OVAL,X,15_SHAVED,15_SHAVED
243,BALD,X,BLACK,OVAL,TRIANGLE,X,00_BALD,00_BALD
244,SHAVED,X,NAN,OVAL,DIAMOND,X,15_SHAVED,15_SHAVED
245,PIXIE CUT,DREADLOCKS,BLACK,SQUARE,TRIANGLE,X,X,X
246,SHORT,COILY,BLACK,SQUARE,OVAL,X,16_PIXIECUT_COILY_CURLY,16_PIXIECUT_COILY_CURLY
247,BALD,X,NAN,OVAL,TRIANGLE,X,00_BALD,00_BALD
248,SHORT,COILY,BLACK,OVAL,DIAMOND,X,16_PIXIECUT_COILY_CURLY,16_PIXIECUT_COILY_CURLY
249,SHORT,COILY,BLACK,OVAL,TRIANGLE,X,16_PIXIECUT_COILY_CURLY,16_PIXIECUT_COILY_CURLY
250,SHAVED,X,BLACK,ROUND,OVAL,X,15_SHAVED,15_SHAVED
251,SHORT,COILY,BLACK,SQUARE,TRIANGLE,X,16_PIXIECUT_COILY_CURLY,16_PIXIECUT_COILY_CURLY
252,SHORT,COILY,BLACK,OVAL,TRIANGLE,X,16_PIXIECUT_COILY_CURLY,16_PIXIECUT_COILY_CURLY
253,SHORT,COILY,BLACK,SQUARE,OVAL,X,16_PIXIECUT_COILY_CURLY,16_PIXIECUT_COILY_CURLY
254,SHORT,COILY,BLACK,SQUARE,OVAL,X,16_PIXIECUT_COILY_CURLY,16_PIXIECUT_COILY_CURLY
255,SHORT,CURLY,NAN,ROUND,ROUND,X,16_PIXIECUT_COILY_CURLY,16_PIXIECUT_COILY_CURLY
256,SHAVED,X,X,OVAL,OVAL,X,15_SHAVED,15_SHAVED
257,PIXIE CUT,COILY,BLACK,OVAL,TRIANGLE,X,12_PIXIECUT_COILY,12_PIXIECUT_COILY
258,SHORT,COILY,BLACK,ROUND,ROUND,X,16_PIXIECUT_COILY_CURLY,16_PIXIECUT_COILY_CURLY
259,BALD,X,X,OVAL,OVAL,X,00_BALD,00_BALD
260,SHORT,COILY,BLACK,SQUARE,ROUND,X,16_PIXIECUT_COILY_CURLY,16_PIXIECUT_COILY_CURLY
261,SHORT,COILY,BLACK,OVAL,OVAL,X,16_PIXIECUT_COILY_CURLY,16_PIXIECUT_COILY_CURLY
262,SHORT,COILY,BLACK,SQUARE,ROUND,X,16_PIXIECUT_COILY_CURLY,16_PIXIECUT_COILY_CURLY
263,SHORT,COILY,BLACK,SQUARE,TRIANGLE,X,16_PIXIECUT_COILY_CURLY,16_PIXIECUT_COILY_CURLY
264,SHORT,COILY,NAN,ROUND,ROUND,X,16_PIXIECUT_COILY_CURLY,16_PIXIECUT_COILY_CURLY
265,PIXIE CUT,COILY,BLACK,OVAL,OVAL,X,12_PIXIECUT_COILY,12_PIXIECUT_COILY
266,SHORT,COILY,BLACK,ROUND,ROUND,X,16_PIXIECUT_COILY_CURLY,16_PIXIECUT_COILY_CURLY
267,SHORT,COILY,BLACK,OVAL,OVAL,X,16_PIXIECUT_COILY_CURLY,16_PIXIECUT_COILY_CURLY
268,SHORT,COILY,BLACK,SQUARE,DIAMOND,X,16_PIXIECUT_COILY_CURLY,16_PIXIECUT_COILY_CURLY
269,PIXIE CUT,COILY,BLACK,HEART,ROUND,X,12_PIXIECUT_COILY,12_PIXIECUT_COILY
270,SHORT,COILY,BLACK,OVAL,TRIANGLE,X,16_PIXIECUT_COILY_CURLY,16_PIXIECUT_COILY_CURLY
271,SHORT,CURLY,BLACK,OBLONG,ROUND,X,16_PIXIECUT_COILY_CURLY,16_PIXIECUT_COILY_CURLY
272,DREADLOCKS,WAVY,BLACK,OVAL,OVAL,X,04_DREADLOCKS,04_DREADLOCKS
273,SHORT,COILY,BLACK,OVAL,OVAL,X,16_PIXIECUT_COILY_CURLY,16_PIXIECUT_COILY_CURLY
274,SHORT,COILY,BLACK,SQUARE,ROUND,X,16_PIXIECUT_COILY_CURLY,16_PIXIECUT_COILY_CURLY
275,BALD,X,X,OBLONG,TRIANGLE,X,00_BALD,00_BALD
276,SHAVED,WAVY,BLACK,SQUARE,OVAL,X,15_SHAVED,X
277,BALD,X,X,SQUARE,DIAMOND,X,00_BALD,00_BALD
278,SHORT,COILY,BLACK,OVAL,TRIANGLE,X,16_PIXIECUT_COILY_CURLY,16_PIXIECUT_COILY_CURLY
279,SHORT,COILY,BLACK,SQUARE,OVAL,X,16_PIXIECUT_COILY_CURLY,16_PIXIECUT_COILY_CURLY
280,SHORT,COILY,BLACK,SQUARE,OVAL,X,16_PIXIECUT_COILY_CURLY,16_PIXIECUT_COILY_CURLY
281,SHORT,COILY,BLACK,OVAL,TRIANGLE,X,16_PIXIECUT_COILY_CURLY,16_PIXIECUT_COILY_CURLY
282,SHORT,COILY,BLACK,OVAL,OVAL,X,16_PIXIECUT_COILY_CURLY,16_PIXIECUT_COILY_CURLY
283,PIXIE CUT,COILY,BLACK,SQUARE,DIAMOND,X,12_PIXIECUT_COILY,12_PIXIECUT_COILY
284,SHORT,COILY,BLACK,SQUARE,DIAMOND,X,16_PIXIECUT_COILY_CURLY,16_PIXIECUT_COILY_CURLY
285,BALD,X,BLACK,SQUARE,OVAL,X,00_BALD,00_BALD
286,SHORT,COILY,BLACK,ROUND,TRIANGLE,X,16_PIXIECUT_COILY_CURLY,16_PIXIECUT_COILY_CURLY
287,SHORT,COILY,BLACK,SQUARE,OVAL,X,16_PIXIECUT_COILY_CURLY,16_PIXIECUT_COILY_CURLY
288,SHORT,COILY,BLACK,SQUARE,OVAL,X,16_PIXIECUT_COILY_CURLY,16_PIXIECUT_COILY_CURLY
289,SHORT,COILY,BLACK,OVAL,TRIANGLE,X,16_PIXIECUT_COILY_CURLY,16_PIXIECUT_COILY_CURLY
290,SHAVED,COILY,BLACK,ROUND,OVAL,X,15_SHAVED,16_PIXIECUT_COILY_CURLY
291,SHORT,COILY,BLACK,OVAL,OVAL,X,16_PIXIECUT_COILY_CURLY,16_PIXIECUT_COILY_CURLY
292,SHAVED,COILY,BLACK,OVAL,TRIANGLE,X,15_SHAVED,16_PIXIECUT_COILY_CURLY
293,SHAVED,COILY,BLACK,SQUARE,OVAL,X,15_SHAVED,15_SHAVED
294,SHAVED,CURLY,BLACK,SQUARE,OVAL,X,15_SHAVED,15_SHAVED
295,BALD,X,BLACK,SQUARE,ROUND,X,00_BALD,00_BALD
296,BALD,X,BLACK,SQUARE,OVAL,X,00_BALD,00_BALD
297,SHORT,COILY,BLACK,SQUARE,DIAMOND,X,16_PIXIECUT_COILY_CURLY,16_PIXIECUT_COILY_CURLY
298,SHAVED,COILY,BLACK,ROUND,OVAL,X,15_SHAVED,15_SHAVED
299,SHORT,COILY,BLACK,OVAL,OVAL,X,16_PIXIECUT_COILY_CURLY,16_PIXIECUT_COILY_CURLY
300,SHAVED,COILY,BLACK,OVAL,TRIANGLE,X,15_SHAVED,16_PIXIECUT_COILY_CURLY
301,SHORT,COILY,BLACK,SQUARE,DIAMOND,X,16_PIXIECUT_COILY_CURLY,16_PIXIECUT_COILY_CURLY
302,BALD,X,BLACK,SQUARE,DIAMOND,X,00_BALD,00_BALD
303,SHAVED,COILY,BLACK,SQUARE,OVAL,X,15_SHAVED,15_SHAVED
304,BALD,X,BLACK,OVAL,ROUND,X,00_BALD,00_BALD
305,MEDIUM LENGTH,CURLY,BLACK,SQUARE,TRIANGLE,X,08_MEDIUM_LENGTH_COILY_CURLY,08_MEDIUM_LENGTH_COILY_CURLY
306,PONY TAIL,WAVY,BLACK,OVAL,OVAL,X,14_PONYTAIL,14_PONYTAIL
307,LONG HAIR,CURLY,BLACK,ROUND,DIAMOND,X,05_LONGHAIR_CURLY,05_LONGHAIR_CURLY
308,LONG HAIR,STRAIGHT,BLACK,OVAL,OVAL,X,06_LONGHAIR_STRAIGHT,06_LONGHAIR_STRAIGHT
309,PONY TAIL,WAVY,BLACK,OVAL,ROUND,X,14_PONYTAIL,14_PONYTAIL
310,LONG HAIR,STRAIGHT,BLACK,ROUND,ROUND,X,06_LONGHAIR_STRAIGHT,06_LONGHAIR_STRAIGHT
311,BUN,WAVY,BLACK,SQUARE,TRIANGLE,X,03_BUN,03_BUN
312,BUN,STRAIGHT,BLACK,ROUND,TRIANGLE,X,03_BUN,03_BUN
313,DREADLOCKS,STRAIGHT,BLACK,HEART,DIAMOND,X,04_DREADLOCKS,04_DREADLOCKS
314,LONG HAIR,CURLY,BLACK,OVAL,OVAL,X,05_LONGHAIR_CURLY,05_LONGHAIR_CURLY
315,LONG HAIR,WAVY,BLACK,OVAL,OVAL,X,07_LONGHAIR_WAVY,07_LONGHAIR_WAVY
316,BUN,STRAIGHT,BLACK,OVAL,TRIANGLE,X,03_BUN,03_BUN
317,LONG HAIR,STRAIGHT,BLACK,ROUND,ROUND,X,06_LONGHAIR_STRAIGHT,06_LONGHAIR_STRAIGHT
318,LONG HAIR,STRAIGHT,BLACK,OVAL,OVAL,X,06_LONGHAIR_STRAIGHT,06_LONGHAIR_STRAIGHT
319,BUN,STRAIGHT,BLACK,ROUND,OVAL,X,03_BUN,03_BUN
320,BUN,WAVY,BLACK,OVAL,TRIANGLE,X,03_BUN,03_BUN
321,BUN,STRAIGHT,BLACK,OVAL,TRIANGLE,X,03_BUN,03_BUN
322,BUN,STRAIGHT,BLACK,OVAL,OVAL,X,03_BUN,03_BUN
323,PONY TAIL,WAVY,BLACK,OVAL,TRIANGLE,X,14_PONYTAIL,14_PONYTAIL
324,PONY TAIL,WAVY,BLACK,ROUND,ROUND,X,14_PONYTAIL,14_PONYTAIL
325,BUN,STRAIGHT,BLACK,OVAL,TRIANGLE,X,03_BUN,03_BUN
326,BUN,STRAIGHT,BLACK,SQUARE,OVAL,X,03_BUN,03_BUN
327,BUN,WAVY,BLACK,SQUARE,OVAL,X,03_BUN,03_BUN
328,BUN,WAVY,BLACK,ROUND,ROUND,X,03_BUN,03_BUN
329,BUN,WAVY,BLACK,ROUND,ROUND,X,03_BUN,03_BUN
330,LONG HAIR,STRAIGHT,BLACK,OVAL,OVAL,X,06_LONGHAIR_STRAIGHT,06_LONGHAIR_STRAIGHT
331,BUN,WAVY,BLACK,OVAL,ROUND,X,03_BUN,03_BUN
332,LONG HAIR,STRAIGHT,BLACK,OVAL,TRIANGLE,X,06_LONGHAIR_STRAIGHT,06_LONGHAIR_STRAIGHT
333,DREADLOCKS,WAVY,BLACK,OVAL,OVAL,X,04_DREADLOCKS,04_DREADLOCKS
334,LONG HAIR,WAVY,BLACK,ROUND,OVAL,X,07_LONGHAIR_WAVY,07_LONGHAIR_WAVY
335,BUN,WAVY,BLACK,SQUARE,OVAL,X,03_BUN,03_BUN
336,PONY TAIL,STRAIGHT,BLACK,OVAL,TRIANGLE,X,14_PONYTAIL,14_PONYTAIL
337,BUN,WAVY,BLACK,OVAL,OVAL,X,03_BUN,03_BUN
338,LONG HAIR,WAVY,CHATTAIN,OVAL,TRIANGLE,X,07_LONGHAIR_WAVY,07_LONGHAIR_WAVY
339,BUN,WAVY,BLACK,SQUARE,OVAL,X,03_BUN,03_BUN
340,BUN,WAVY,BLACK,OVAL,OVAL,X,03_BUN,03_BUN
341,LONG HAIR,STRAIGHT,BLACK,OVAL,ROUND,X,06_LONGHAIR_STRAIGHT,06_LONGHAIR_STRAIGHT
342,LONG HAIR,CURLY,BLACK,SQUARE,TRIANGLE,X,05_LONGHAIR_CURLY,05_LONGHAIR_CURLY
343,LONG HAIR,STRAIGHT,BLACK,HEART,OVAL,X,06_LONGHAIR_STRAIGHT,06_LONGHAIR_STRAIGHT
344,PONY TAIL,CURLY,BLACK,SQUARE,OVAL,X,14_PONYTAIL,14_PONYTAIL
345,LONG HAIR,CURLY,BLACK,OVAL,OVAL,X,05_LONGHAIR_CURLY,05_LONGHAIR_CURLY
346,LONG HAIR,WAVY,BLONDE,ROUND,TRIANGLE,X,07_LONGHAIR_WAVY,07_LONGHAIR_WAVY
347,PONY TAIL,STRAIGHT,BLACK,OVAL,OVAL,X,14_PONYTAIL,14_PONYTAIL
348,PONY TAIL,WAVY,BLACK,SQUARE,OVAL,X,14_PONYTAIL,14_PONYTAIL
349,LONG HAIR,WAVY,BLACK,OVAL,TRIANGLE,X,07_LONGHAIR_WAVY,07_LONGHAIR_WAVY
350,LONG HAIR,STRAIGHT,BLACK,ROUND,TRIANGLE,X,06_LONGHAIR_STRAIGHT,06_LONGHAIR_STRAIGHT
351,LONG HAIR,STRAIGHT,BLACK,SQUARE,TRIANGLE,X,06_LONGHAIR_STRAIGHT,06_LONGHAIR_STRAIGHT
352,LONG HAIR,STRAIGHT,BLACK,SQUARE,OVAL,X,06_LONGHAIR_STRAIGHT,06_LONGHAIR_STRAIGHT
353,LONG HAIR,WAVY,BLACK,OVAL,OVAL,X,07_LONGHAIR_WAVY,07_LONGHAIR_WAVY
354,LONG HAIR,WAVY,BLACK,OVAL,OVAL,X,07_LONGHAIR_WAVY,07_LONGHAIR_WAVY
355,PONY TAIL,STRAIGHT,BLACK,ROUND,TRIANGLE,X,14_PONYTAIL,14_PONYTAIL
356,DREADLOCKS,WAVY,BLACK,SQUARE,OVAL,X,04_DREADLOCKS,04_DREADLOCKS
357,LONG HAIR,STRAIGHT,BLACK,SQUARE,OVAL,X,06_LONGHAIR_STRAIGHT,06_LONGHAIR_STRAIGHT
358,LONG HAIR,STRAIGHT,BLACK,SQUARE,TRIANGLE,X,06_LONGHAIR_STRAIGHT,06_LONGHAIR_STRAIGHT
359,PONY TAIL,WAVY,BLACK,OVAL,OVAL,X,14_PONYTAIL,14_PONYTAIL
360,PONY TAIL,CURLY,BLACK,SQUARE,OVAL,X,14_PONYTAIL,14_PONYTAIL
361,DREADLOCKS,WAVY,BLACK,ROUND,ROUND,X,04_DREADLOCKS,04_DREADLOCKS
362,PONY TAIL,WAVY,BLACK,SQUARE,TRIANGLE,X,14_PONYTAIL,14_PONYTAIL
363,BUN,WAVY,BLACK,ROUND,OVAL,X,03_BUN,03_BUN
364,SHORT,WAVY,BLACK,OVAL,OVAL,X,18_PIXIECUT_WAVY,18_PIXIECUT_WAVY
365,MOHAWK,WAVY,BLACK,SQUARE,TRIANGLE,X,10_MOHAWK,10_MOHAWK
366,BALD,X,BLACK,SQUARE,OVAL,X,15_SHAVED,15_SHAVED
367,MOHAWK,STRAIGHT,BLACK,SQUARE,OVAL,X,10_MOHAWK,10_MOHAWK
368,MOHAWK,WAVY,BLACK,SQUARE,TRIANGLE,X,10_MOHAWK,X
369,SHORT,STRAIGHT,BLACK,SQUARE,OVAL,X,17_PIXIECUT_STRAIGHT,17_PIXIECUT_STRAIGHT
370,PIXIE CUT,WAVY,BLACK,OVAL,TRIANGLE,X,13_PIXIECUT_WAVY,13_PIXIECUT_WAVY
371,MOHAWK,WAVY,BLACK,OVAL,OVAL,X,10_MOHAWK,10_MOHAWK
372,DREADLOCKS,STRAIGHT,BLACK,OVAL,TRIANGLE,X,04_DREADLOCKS,04_DREADLOCKS
373,BALD,X,X,SQUARE,ROUND,X,00_BALD,00_BALD
374,PIXIE CUT,WAVY,BLACK,SQUARE,OVAL,X,13_PIXIECUT_WAVY,13_PIXIECUT_WAVY
375,PIXIE CUT,STRAIGHT,BLACK,ROUND,OVAL,X,11_PIXIECUT_STRAIGHT,10_MOHAWK
376,MOHAWK,STRAIGHT,BLACK,SQUARE,OVAL,X,10_MOHAWK,10_MOHAWK
377,MOHAWK,STRAIGHT,BLACK,ROUND,OVAL,X,10_MOHAWK,10_MOHAWK
378,PIXIE CUT,WAVY,BLACK,SQUARE,OVAL,X,13_PIXIECUT_WAVY,X
379,MOHAWK,STRAIGHT,BLACK,OVAL,OVAL,X,10_MOHAWK,10_MOHAWK
380,PIXIE CUT,STRAIGHT,BLACK,SQUARE,TRIANGLE,X,11_PIXIECUT_STRAIGHT,11_PIXIECUT_STRAIGHT
381,MOHAWK,STRAIGHT,BLACK,ROUND,OVAL,X,10_MOHAWK,10_MOHAWK
382,MOHAWK,STRAIGHT,BLACK,SQUARE,TRIANGLE,X,10_MOHAWK,X
383,PIXIE CUT,WAVY,BLACK,SQUARE,OVAL,X,13_PIXIECUT_WAVY,10_MOHAWK
384,MOHAWK,CURLY,BLACK,OVAL,OVAL,X,10_MOHAWK,10_MOHAWK
385,MOHAWK,WAVY,BLACK,OVAL,TRIANGLE,X,10_MOHAWK,10_MOHAWK
386,MOHAWK,STRAIGHT,BLACK,SQUARE,DIAMOND,X,10_MOHAWK,10_MOHAWK
387,SHORT,CURLY,BLACK,SQUARE,OVAL,X,16_PIXIECUT_COILY_CURLY,16_PIXIECUT_COILY_CURLY
388,PIXIE CUT,STRAIGHT,BLACK,ROUND,OVAL,X,11_PIXIECUT_STRAIGHT,10_MOHAWK
389,MOHAWK,WAVY,BLACK,OVAL,OVAL,X,10_MOHAWK,10_MOHAWK
390,MOHAWK,STRAIGHT,BLACK,ROUND,OVAL,X,10_MOHAWK,10_MOHAWK
391,SHORT,WAVY,BLACK,SQUARE,OVAL,X,18_PIXIECUT_WAVY,11_PIXIECUT_STRAIGHT
392,MOHAWK,STRAIGHT,BLACK,ROUND,ROUND,X,10_MOHAWK,10_MOHAWK
393,PONY TAIL,CURLY,BLACK,OVAL,TRIANGLE,X,14_PONYTAIL,X
394,PIXIE CUT,WAVY,BLACK,OVAL,OVAL,X,13_PIXIECUT_WAVY,10_MOHAWK
395,SHORT,STRAIGHT,BLACK,OVAL,OVAL,X,17_PIXIECUT_STRAIGHT,17_PIXIECUT_STRAIGHT
396,PONY TAIL,WAVY,BLACK,OBLONG,TRIANGLE,X,14_PONYTAIL,14_PONYTAIL
397,PIXIE CUT,WAVY,BLACK,SQUARE,DIAMOND,X,13_PIXIECUT_WAVY,13_PIXIECUT_WAVY
398,PIXIE CUT,CURLY,BLACK,SQUARE,OVAL,X,X,X
399,MOHAWK,WAVY,BLACK,SQUARE,TRIANGLE,X,10_MOHAWK,X
400,PIXIE CUT,WAVY,GRAY,ROUND,OVAL,X,13_PIXIECUT_WAVY,X
401,BALD,X,X,OVAL,OVAL,X,00_BALD,00_BALD
402,PIXIE CUT,CURLY,BLACK,ROUND,OVAL,X,X,X
403,PIXIE CUT,COILY,BLACK,ROUND,ROUND,X,12_PIXIECUT_COILY,12_PIXIECUT_COILY
404,SHORT,STRAIGHT,BLACK,SQUARE,OVAL,X,17_PIXIECUT_STRAIGHT,17_PIXIECUT_STRAIGHT
405,PIXIE CUT,STRAIGHT,BLACK,ROUND,OVAL,X,11_PIXIECUT_STRAIGHT,10_MOHAWK
406,SHORT,STRAIGHT,BLACK,ROUND,OVAL,X,17_PIXIECUT_STRAIGHT,17_PIXIECUT_STRAIGHT
407,PIXIE CUT,STRAIGHT,BLONDE,ROUND,OVAL,X,11_PIXIECUT_STRAIGHT,11_PIXIECUT_STRAIGHT
408,SHORT,STRAIGHT,BLACK,SQUARE,OVAL,X,17_PIXIECUT_STRAIGHT,17_PIXIECUT_STRAIGHT
409,SHORT,STRAIGHT,BLACK,HEART,TRIANGLE,X,17_PIXIECUT_STRAIGHT,17_PIXIECUT_STRAIGHT
410,PIXIE CUT,STRAIGHT,BLACK,SQUARE,OVAL,X,11_PIXIECUT_STRAIGHT,10_MOHAWK
411,BUN,WAVY,BLACK,SQUARE,TRIANGLE,X,03_BUN,03_BUN
412,PIXIE CUT,STRAIGHT,BLACK,HEART,TRIANGLE,X,11_PIXIECUT_STRAIGHT,11_PIXIECUT_STRAIGHT
413,MOHAWK,WAVY,BLACK,ROUND,ROUND,X,10_MOHAWK,10_MOHAWK
414,SHORT,CURLY,BLACK,OBLONG,OVAL,X,16_PIXIECUT_COILY_CURLY,16_PIXIECUT_COILY_CURLY
415,PIXIE CUT,STRAIGHT,BLACK,ROUND,OVAL,X,11_PIXIECUT_STRAIGHT,11_PIXIECUT_STRAIGHT
416,LONG HAIR,STRAIGHT,BLACK,ROUND,DIAMOND,X,06_LONGHAIR_STRAIGHT,06_LONGHAIR_STRAIGHT
417,PONY TAIL,COILY,BLACK,OVAL,OVAL,X,14_PONYTAIL,14_PONYTAIL
418,PONY TAIL,STRAIGHT,BLONDE,OVAL,OVAL,X,14_PONYTAIL,14_PONYTAIL
419,BOB,WAVY,BLACK,ROUND,ROUND,X,02_BOB_STRAIGHT_WAVY,X
420,LONG HAIR,STRAIGHT,BLONDE,SQUARE,DIAMOND,X,06_LONGHAIR_STRAIGHT,06_LONGHAIR_STRAIGHT
421,BUN,STRAIGHT,CHATTAIN,OVAL,OVAL,X,03_BUN,03_BUN
422,MEDIUM LENGTH,STRAIGHT,BLACK,OVAL,OVAL,X,09_MEDIUMLENGTH_STRAIGHT_WAVY,09_MEDIUMLENGTH_STRAIGHT_WAVY
423,LONG HAIR,STRAIGHT,BLACK,OVAL,OVAL,X,06_LONGHAIR_STRAIGHT,06_LONGHAIR_STRAIGHT
424,LONG HAIR,STRAIGHT,CHATTAIN,OVAL,OVAL,X,06_LONGHAIR_STRAIGHT,06_LONGHAIR_STRAIGHT
425,PONY TAIL,STRAIGHT,BLACK,OVAL,OVAL,X,14_PONYTAIL,14_PONYTAIL
426,MEDIUM LENGTH,WAVY,CHATTAIN,OVAL,ROUND,X,09_MEDIUMLENGTH_STRAIGHT_WAVY,09_MEDIUMLENGTH_STRAIGHT_WAVY
427,DREADLOCKS,STRAIGHT,BLONDE,ROUND,OVAL,X,04_DREADLOCKS,04_DREADLOCKS
428,LONG HAIR,CURLY,BLONDE,ROUND,DIAMOND,X,05_LONGHAIR_CURLY,05_LONGHAIR_CURLY
429,BUN,STRAIGHT,BLACK,OBLONG,OVAL,X,03_BUN,03_BUN
430,BOB,WAVY,BLACK,SQUARE,TRIANGLE,X,02_BOB_STRAIGHT_WAVY,02_BOB_STRAIGHT_WAVY
431,LONG HAIR,WAVY,CHATTAIN,OVAL,OVAL,X,07_LONGHAIR_WAVY,07_LONGHAIR_WAVY
432,LONG HAIR,CURLY,CHATTAIN,ROUND,OVAL,X,05_LONGHAIR_CURLY,05_LONGHAIR_CURLY
433,LONG HAIR,STRAIGHT,CHATTAIN,ROUND,OVAL,X,06_LONGHAIR_STRAIGHT,06_LONGHAIR_STRAIGHT
434,DREADLOCKS,WAVY,CHATTAIN,ROUND,OVAL,X,04_DREADLOCKS,04_DREADLOCKS
435,LONG HAIR,STRAIGHT,BLACK,OVAL,OVAL,X,06_LONGHAIR_STRAIGHT,06_LONGHAIR_STRAIGHT
436,BOB,STRAIGHT,CHATTAIN,OVAL,OVAL,X,02_BOB_STRAIGHT_WAVY,02_BOB_STRAIGHT_WAVY
437,BUN,STRAIGHT,BLACK,OVAL,OVAL,X,03_BUN,03_BUN
438,BUN,WAVY,CHATTAIN,ROUND,OVAL,X,03_BUN,03_BUN
439,MEDIUM LENGTH,STRAIGHT,BLACK,OVAL,OVAL,X,09_MEDIUMLENGTH_STRAIGHT_WAVY,09_MEDIUMLENGTH_STRAIGHT_WAVY
440,BUN,WAVY,BLACK,OVAL,TRIANGLE,X,03_BUN,03_BUN
441,BUN,STRAIGHT,BLACK,SQUARE,OVAL,X,03_BUN,03_BUN
442,BUN,WAVY,BLACK,ROUND,ROUND,X,03_BUN,03_BUN
443,PONY TAIL,WAVY,BLACK,OVAL,OVAL,X,14_PONYTAIL,14_PONYTAIL
444,BOB,STRAIGHT,CHATTAIN,OVAL,OVAL,X,02_BOB_STRAIGHT_WAVY,02_BOB_STRAIGHT_WAVY
445,BUN,STRAIGHT,CHATTAIN,OVAL,TRIANGLE,X,03_BUN,03_BUN
446,LONG HAIR,WAVY,BLACK,ROUND,OVAL,X,07_LONGHAIR_WAVY,07_LONGHAIR_WAVY
447,PONY TAIL,STRAIGHT,BLACK,SQUARE,OVAL,X,14_PONYTAIL,14_PONYTAIL
448,MEDIUM LENGTH,STRAIGHT,BLACK,ROUND,OVAL,X,09_MEDIUMLENGTH_STRAIGHT_WAVY,09_MEDIUMLENGTH_STRAIGHT_WAVY
449,PONY TAIL,STRAIGHT,BLACK,OBLONG,OVAL,X,14_PONYTAIL,14_PONYTAIL
450,BUN,STRAIGHT,BLACK,SQUARE,OVAL,X,03_BUN,03_BUN
451,BUN,WAVY,CHATTAIN,HEART,OVAL,X,03_BUN,03_BUN
452,DREADLOCKS,STRAIGHT,BLACK,ROUND,OVAL,X,04_DREADLOCKS,04_DREADLOCKS
453,LONG HAIR,STRAIGHT,BLONDE,OVAL,OVAL,X,06_LONGHAIR_STRAIGHT,06_LONGHAIR_STRAIGHT
454,LONG HAIR,WAVY,CHATTAIN,OVAL,OVAL,X,07_LONGHAIR_WAVY,07_LONGHAIR_WAVY
455,BOB,STRAIGHT,BLACK,SQUARE,TRIANGLE,X,02_BOB_STRAIGHT_WAVY,02_BOB_STRAIGHT_WAVY
456,PONY TAIL,STRAIGHT,BLACK,SQUARE,OVAL,X,14_PONYTAIL,14_PONYTAIL
457,BUN,STRAIGHT,CHATTAIN,OVAL,OVAL,X,03_BUN,03_BUN
458,BUN,WAVY,BLACK,ROUND,TRIANGLE,X,03_BUN,03_BUN
459,PONY TAIL,WAVY,BLACK,ROUND,ROUND,X,14_PONYTAIL,14_PONYTAIL
460,MEDIUM LENGTH,WAVY,GINGER,HEART,DIAMOND,X,09_MEDIUMLENGTH_STRAIGHT_WAVY,09_MEDIUMLENGTH_STRAIGHT_WAVY
461,LONG HAIR,WAVY,CHATTAIN,OVAL,OVAL,X,07_LONGHAIR_WAVY,07_LONGHAIR_WAVY
462,LONG HAIR,WAVY,CHATTAIN,SQUARE,OVAL,FRECKLES,07_LONGHAIR_WAVY,07_LONGHAIR_WAVY
463,LONG HAIR,STRAIGHT,BLACK,OVAL,TRIANGLE,X,06_LONGHAIR_STRAIGHT,06_LONGHAIR_STRAIGHT
464,BUN,STRAIGHT,CHATTAIN,ROUND,TRIANGLE,X,03_BUN,03_BUN
465,LONG HAIR,STRAIGHT,BLACK,ROUND,ROUND,X,06_LONGHAIR_STRAIGHT,06_LONGHAIR_STRAIGHT
466,PONY TAIL,WAVY,BLACK,HEART,DIAMOND,X,14_PONYTAIL,14_PONYTAIL
467,LONG HAIR,WAVY,CHATTAIN,ROUND,OVAL,X,07_LONGHAIR_WAVY,07_LONGHAIR_WAVY
468,BUN,WAVY,CHATTAIN,OVAL,OVAL,X,03_BUN,03_BUN
469,LONG HAIR,STRAIGHT,CHATTAIN,OVAL,TRIANGLE,X,06_LONGHAIR_STRAIGHT,06_LONGHAIR_STRAIGHT
470,LONG HAIR,WAVY,BLACK,HEART,TRIANGLE,X,07_LONGHAIR_WAVY,07_LONGHAIR_WAVY
471,PONY TAIL,STRAIGHT,BLACK,ROUND,OVAL,X,14_PONYTAIL,14_PONYTAIL
472,PONY TAIL,STRAIGHT,BLACK,OVAL,TRIANGLE,X,14_PONYTAIL,14_PONYTAIL
473,BUN,WAVY,GINGER,OVAL,DIAMOND,X,03_BUN,04_DREADLOCKS
474,PONY TAIL,WAVY,BLACK,HEART,OVAL,X,14_PONYTAIL,14_PONYTAIL
475,LONG HAIR,WAVY,BLACK,HEART,TRIANGLE,X,07_LONGHAIR_WAVY,07_LONGHAIR_WAVY
476,BUN,WAVY,CHATTAIN,SQUARE,TRIANGLE,X,03_BUN,03_BUN
477,PONY TAIL,CURLY,BLACK,ROUND,OVAL,X,14_PONYTAIL,14_PONYTAIL
478,LONG HAIR,STRAIGHT,BLACK,SQUARE,TRIANGLE,X,06_LONGHAIR_STRAIGHT,06_LONGHAIR_STRAIGHT
479,BOB,STRAIGHT,GINGER,OBLONG,ROUND,X,02_BOB_STRAIGHT_WAVY,02_BOB_STRAIGHT_WAVY
480,PONY TAIL,STRAIGHT,BLACK,OVAL,OVAL,X,14_PONYTAIL,14_PONYTAIL
481,PONY TAIL,STRAIGHT,BLACK,ROUND,ROUND,X,14_PONYTAIL,14_PONYTAIL
482,LONG HAIR,STRAIGHT,GINGER,ROUND,ROUND,FRECKLES,06_LONGHAIR_STRAIGHT,06_LONGHAIR_STRAIGHT
483,PONY TAIL,STRAIGHT,BLACK,SQUARE,TRIANGLE,X,14_PONYTAIL,14_PONYTAIL
484,BUN,WAVY,BLACK,OVAL,OVAL,X,03_BUN,03_BUN
485,BUN,STRAIGHT,BLACK,OVAL,OVAL,X,03_BUN,03_BUN
486,LONG HAIR,STRAIGHT,GINGER,OVAL,OVAL,X,06_LONGHAIR_STRAIGHT,06_LONGHAIR_STRAIGHT
487,BUN,STRAIGHT,BLACK,ROUND,OVAL,X,03_BUN,03_BUN
488,BUN,STRAIGHT,BLONDE,OVAL,OVAL,X,03_BUN,03_BUN
489,BUN,WAVY,GINGER,SQUARE,OVAL,FRECKLES,03_BUN,03_BUN
490,BUN,WAVY,BLACK,OVAL,OVAL,X,03_BUN,03_BUN
491,LONG HAIR,WAVY,BLACK,OVAL,OVAL,X,07_LONGHAIR_WAVY,07_LONGHAIR_WAVY
492,LONG HAIR,WAVY,GINGER,ROUND,DIAMOND,X,07_LONGHAIR_WAVY,07_LONGHAIR_WAVY
493,LONG HAIR,WAVY,BLACK,SQUARE,DIAMOND,X,07_LONGHAIR_WAVY,07_LONGHAIR_WAVY
494,LONG HAIR,STRAIGHT,BLACK,ROUND,OVAL,X,06_LONGHAIR_STRAIGHT,06_LONGHAIR_STRAIGHT
495,PONY TAIL,STRAIGHT,BLACK,OVAL,OVAL,X,14_PONYTAIL,14_PONYTAIL
496,LONG HAIR,STRAIGHT,BLACK,OVAL,DIAMOND,X,06_LONGHAIR_STRAIGHT,06_LONGHAIR_STRAIGHT
497,BUN,STRAIGHT,BLACK,OVAL,TRIANGLE,X,03_BUN,03_BUN
498,LONG HAIR,STRAIGHT,BLACK,SQUARE,OVAL,X,06_LONGHAIR_STRAIGHT,06_LONGHAIR_STRAIGHT
499,LONG HAIR,STRAIGHT,BLONDE,HEART,OVAL,X,06_LONGHAIR_STRAIGHT,06_LONGHAIR_STRAIGHT
500,LONG HAIR,CURLY,BLACK,SQUARE,OVAL,X,05_LONGHAIR_CURLY,05_LONGHAIR_CURLY
501,BUN,WAVY,BLACK,SQUARE,DIAMOND,X,03_BUN,03_BUN
502,BUN,STRAIGHT,BLACK,OVAL,OVAL,X,03_BUN,03_BUN
503,PONY TAIL,WAVY,BLACK,ROUND,ROUND,X,14_PONYTAIL,14_PONYTAIL
504,PONY TAIL,STRAIGHT,BLACK,ROUND,ROUND,X,14_PONYTAIL,14_PONYTAIL
505,LONG HAIR,STRAIGHT,BLACK,HEART,DIAMOND,X,06_LONGHAIR_STRAIGHT,06_LONGHAIR_STRAIGHT
506,PONY TAIL,STRAIGHT,BLACK,SQUARE,DIAMOND,X,14_PONYTAIL,14_PONYTAIL
507,PONY TAIL,WAVY,CHATTAIN,SQUARE,OVAL,X,14_PONYTAIL,14_PONYTAIL
508,PIXIE CUT,WAVY,BLACK,HEART,DIAMOND,X,13_PIXIECUT_WAVY,13_PIXIECUT_WAVY
509,PIXIE CUT,WAVY,BLACK,OVAL,DIAMOND,X,13_PIXIECUT_WAVY,13_PIXIECUT_WAVY
510,PIXIE CUT,STRAIGHT,BLACK,OVAL,OVAL,X,11_PIXIECUT_STRAIGHT,11_PIXIECUT_STRAIGHT
511,PIXIE CUT,STRAIGHT,BLACK,SQUARE,DIAMOND,X,11_PIXIECUT_STRAIGHT,10_MOHAWK
512,PIXIE CUT,STRAIGHT,BLACK,OVAL,DIAMOND,X,11_PIXIECUT_STRAIGHT,11_PIXIECUT_STRAIGHT
513,PIXIE CUT,WAVY,BLACK,OVAL,TRIANGLE,X,13_PIXIECUT_WAVY,13_PIXIECUT_WAVY
514,MOHAWK,STRAIGHT,BLACK,SQUARE,TRIANGLE,X,10_MOHAWK,X
515,MOHAWK,STRAIGHT,BLACK,SQUARE,DIAMOND,X,10_MOHAWK,X
516,PIXIE CUT,WAVY,BLACK,ROUND,OVAL,FRECKLES,13_PIXIECUT_WAVY,13_PIXIECUT_WAVY
517,PIXIE CUT,STRAIGHT,BLACK,SQUARE,DIAMOND,X,11_PIXIECUT_STRAIGHT,11_PIXIECUT_STRAIGHT
518,SHORT,WAVY,BLACK,SQUARE,DIAMOND,X,18_PIXIECUT_WAVY,18_PIXIECUT_WAVY
519,BOB,WAVY,BLACK,ROUND,DIAMOND,X,02_BOB_STRAIGHT_WAVY,13_PIXIECUT_WAVY
520,SHORT,STRAIGHT,BLACK,HEART,DIAMOND,X,17_PIXIECUT_STRAIGHT,17_PIXIECUT_STRAIGHT
521,SHORT,STRAIGHT,BLONDE,OVAL,DIAMOND,X,17_PIXIECUT_STRAIGHT,17_PIXIECUT_STRAIGHT
522,BALD,X,X,OVAL,OVAL,X,00_BALD,00_BALD
523,PIXIE CUT,WAVY,BLACK,SQUARE,ROUND,X,13_PIXIECUT_WAVY,13_PIXIECUT_WAVY
524,PIXIE CUT,WAVY,CHATTAIN,OVAL,TRIANGLE,X,13_PIXIECUT_WAVY,13_PIXIECUT_WAVY
525,SHORT,WAVY,BLACK,OVAL,TRIANGLE,X,18_PIXIECUT_WAVY,18_PIXIECUT_WAVY
526,PIXIE CUT,WAVY,BLACK,ROUND,OVAL,X,13_PIXIECUT_WAVY,13_PIXIECUT_WAVY
527,SHORT,WAVY,GRAY,HEART,TRIANGLE,X,18_PIXIECUT_WAVY,18_PIXIECUT_WAVY
528,PIXIE CUT,WAVY,BLACK,SQUARE,TRIANGLE,X,13_PIXIECUT_WAVY,13_PIXIECUT_WAVY
529,BOB,STRAIGHT,BLONDE,OVAL,TRIANGLE,X,02_BOB_STRAIGHT_WAVY,02_BOB_STRAIGHT_WAVY
530,DREADLOCKS,WAVY,BLONDE,SQUARE,TRIANGLE,X,04_DREADLOCKS,04_DREADLOCKS
531,PIXIE CUT,WAVY,BLACK,ROUND,OVAL,X,13_PIXIECUT_WAVY,13_PIXIECUT_WAVY
532,PIXIE CUT,STRAIGHT,BLACK,SQUARE,DIAMOND,X,11_PIXIECUT_STRAIGHT,10_MOHAWK
533,PIXIE CUT,WAVY,BLACK,SQUARE,DIAMOND,X,13_PIXIECUT_WAVY,13_PIXIECUT_WAVY
534,PIXIE CUT,WAVY,BLACK,HEART,ROUND,X,13_PIXIECUT_WAVY,X
535,BOB,WAVY,BLACK,SQUARE,OVAL,X,02_BOB_STRAIGHT_WAVY,13_PIXIECUT_WAVY
536,SHAVED,STRAIGHT,BLACK,OBLONG,OVAL,X,15_SHAVED,15_SHAVED
537,PIXIE CUT,WAVY,BLACK,OVAL,OVAL,X,13_PIXIECUT_WAVY,13_PIXIECUT_WAVY
538,DREADLOCKS,WAVY,BLACK,OBLONG,OVAL,X,04_DREADLOCKS,04_DREADLOCKS
539,BOB,WAVY,BLACK,ROUND,OVAL,X,02_BOB_STRAIGHT_WAVY,02_BOB_STRAIGHT_WAVY
540,MEDIUM LENGTH,STRAIGHT,BLACK,SQUARE,OVAL,X,09_MEDIUMLENGTH_STRAIGHT_WAVY,09_MEDIUMLENGTH_STRAIGHT_WAVY
541,BOB,STRAIGHT,BLONDE,HEART,DIAMOND,X,02_BOB_STRAIGHT_WAVY,02_BOB_STRAIGHT_WAVY
542,PIXIE CUT,WAVY,BLACK,HEART,DIAMOND,X,13_PIXIECUT_WAVY,13_PIXIECUT_WAVY
543,PIXIE CUT,STRAIGHT,BLACK,SQUARE,OVAL,X,11_PIXIECUT_STRAIGHT,X
544,PIXIE CUT,STRAIGHT,CHATTAIN,SQUARE,TRIANGLE,X,11_PIXIECUT_STRAIGHT,11_PIXIECUT_STRAIGHT
545,BALD,X,X,ROUND,ROUND,X,00_BALD,00_BALD
546,SHORT,STRAIGHT,BLACK,HEART,DIAMOND,X,17_PIXIECUT_STRAIGHT,17_PIXIECUT_STRAIGHT
547,PIXIE CUT,STRAIGHT,BLACK,SQUARE,OVAL,X,11_PIXIECUT_STRAIGHT,11_PIXIECUT_STRAIGHT
548,MOHAWK,WAVY,BLACK,ROUND,OVAL,X,10_MOHAWK,10_MOHAWK
549,MOHAWK,STRAIGHT,BLACK,HEART,DIAMOND,X,10_MOHAWK,10_MOHAWK
550,BOB,CURLY,BLACK,OVAL,OVAL,X,01_BOB_COILY_CURLY,X
551,DREADLOCKS,WAVY,BLACK,OVAL,DIAMOND,X,04_DREADLOCKS,04_DREADLOCKS
552,SHORT,CURLY,BLACK,ROUND,OVAL,X,16_PIXIECUT_COILY_CURLY,16_PIXIECUT_COILY_CURLY
553,PIXIE CUT,WAVY,BLACK,OVAL,DIAMOND,X,13_PIXIECUT_WAVY,13_PIXIECUT_WAVY
554,BOB,WAVY,BLACK,ROUND,OVAL,X,02_BOB_STRAIGHT_WAVY,02_BOB_STRAIGHT_WAVY
555,DREADLOCKS,WAVY,BLACK,HEART,OVAL,X,04_DREADLOCKS,04_DREADLOCKS
556,PIXIE CUT,STRAIGHT,BLACK,HEART,TRIANGLE,X,11_PIXIECUT_STRAIGHT,11_PIXIECUT_STRAIGHT
557,MOHAWK,STRAIGHT,CHATTAIN,SQUARE,TRIANGLE,X,10_MOHAWK,17_PIXIECUT_STRAIGHT
558,PIXIE CUT,STRAIGHT,BLACK,OVAL,TRIANGLE,X,11_PIXIECUT_STRAIGHT,10_MOHAWK
559,PIXIE CUT,STRAIGHT,BLACK,OVAL,ROUND,X,11_PIXIECUT_STRAIGHT,11_PIXIECUT_STRAIGHT
560,PIXIE CUT,STRAIGHT,BLACK,SQUARE,TRIANGLE,X,11_PIXIECUT_STRAIGHT,18_PIXIECUT_WAVY
561,PIXIE CUT,STRAIGHT,NAN,ROUND,OVAL,X,11_PIXIECUT_STRAIGHT,11_PIXIECUT_STRAIGHT
562,SHORT,STRAIGHT,BLACK,OVAL,OVAL,X,17_PIXIECUT_STRAIGHT,17_PIXIECUT_STRAIGHT
563,MOHAWK,WAVY,NAN,SQUARE,OVAL,X,10_MOHAWK,10_MOHAWK
564,DREADLOCKS,STRAIGHT,BLACK,HEART,OVAL,X,04_DREADLOCKS,04_DREADLOCKS
565,MOHAWK,WAVY,CHATTAIN,SQUARE,OVAL,X,10_MOHAWK,10_MOHAWK
566,LONG HAIR,STRAIGHT,BLACK,ROUND,OVAL,X,06_LONGHAIR_STRAIGHT,06_LONGHAIR_STRAIGHT
567,PIXIE CUT,STRAIGHT,BLACK,OVAL,OVAL,X,11_PIXIECUT_STRAIGHT,X
568,LONG HAIR,STRAIGHT,BLONDE,OVAL,OVAL,X,06_LONGHAIR_STRAIGHT,06_LONGHAIR_STRAIGHT
569,PIXIE CUT,WAVY,BLACK,ROUND,OVAL,X,13_PIXIECUT_WAVY,13_PIXIECUT_WAVY
570,PONY TAIL,STRAIGHT,BLACK,SQUARE,OVAL,X,14_PONYTAIL,14_PONYTAIL
571,MOHAWK,WAVY,BLACK,ROUND,ROUND,X,10_MOHAWK,X
572,PIXIE CUT,STRAIGHT,BLACK,SQUARE,TRIANGLE,X,11_PIXIECUT_STRAIGHT,11_PIXIECUT_STRAIGHT
573,MOHAWK,STRAIGHT,BLONDE,OVAL,OVAL,X,10_MOHAWK,10_MOHAWK
574,SHORT,STRAIGHT,BLACK,ROUND,OVAL,X,17_PIXIECUT_STRAIGHT,17_PIXIECUT_STRAIGHT
575,SHORT,STRAIGHT,CHATTAIN,OVAL,TRIANGLE,X,17_PIXIECUT_STRAIGHT,17_PIXIECUT_STRAIGHT
576,PIXIE CUT,WAVY,BLACK,SQUARE,DIAMOND,X,13_PIXIECUT_WAVY,10_MOHAWK
577,PIXIE CUT,WAVY,CHATTAIN,SQUARE,OVAL,X,13_PIXIECUT_WAVY,13_PIXIECUT_WAVY
578,SHORT,STRAIGHT,BLACK,ROUND,OVAL,X,17_PIXIECUT_STRAIGHT,17_PIXIECUT_STRAIGHT
579,PIXIE CUT,WAVY,CHATTAIN,SQUARE,OVAL,X,13_PIXIECUT_WAVY,13_PIXIECUT_WAVY
580,BOB,WAVY,BLACK,OVAL,TRIANGLE,X,02_BOB_STRAIGHT_WAVY,02_BOB_STRAIGHT_WAVY
581,PIXIE CUT,WAVY,BLACK,OVAL,OVAL,X,13_PIXIECUT_WAVY,13_PIXIECUT_WAVY
582,BOB,WAVY,BLACK,ROUND,OVAL,X,02_BOB_STRAIGHT_WAVY,02_BOB_STRAIGHT_WAVY
583,DREADLOCKS,STRAIGHT,BLACK,OVAL,OVAL,X,04_DREADLOCKS,04_DREADLOCKS
584,PIXIE CUT,STRAIGHT,CHATTAIN,OBLONG,TRIANGLE,X,11_PIXIECUT_STRAIGHT,11_PIXIECUT_STRAIGHT
585,DREADLOCKS,WAVY,BLACK,SQUARE,OVAL,X,04_DREADLOCKS,04_DREADLOCKS
586,DREADLOCKS,WAVY,BLACK,SQUARE,DIAMOND,X,04_DREADLOCKS,X
587,MOHAWK,STRAIGHT,BLACK,OVAL,OVAL,X,10_MOHAWK,10_MOHAWK
588,PIXIE CUT,STRAIGHT,BLACK,ROUND,OVAL,X,11_PIXIECUT_STRAIGHT,11_PIXIECUT_STRAIGHT
589,PIXIE CUT,STRAIGHT,BLACK,SQUARE,TRIANGLE,X,11_PIXIECUT_STRAIGHT,10_MOHAWK
590,MOHAWK,STRAIGHT,CHATTAIN,OVAL,OVAL,X,10_MOHAWK,10_MOHAWK
591,MOHAWK,STRAIGHT,CHATTAIN,ROUND,ROUND,X,10_MOHAWK,10_MOHAWK
592,PIXIE CUT,COILY,BLACK,SQUARE,TRIANGLE,X,12_PIXIECUT_COILY,12_PIXIECUT_COILY
593,PIXIE CUT,WAVY,CHATTAIN,OVAL,OVAL,X,13_PIXIECUT_WAVY,13_PIXIECUT_WAVY
594,PIXIE CUT,CURLY,BLACK,ROUND,TRIANGLE,X,X,X
595,PIXIE CUT,STRAIGHT,BLACK,OVAL,OVAL,X,11_PIXIECUT_STRAIGHT,10_MOHAWK
596,PIXIE CUT,STRAIGHT,BLACK,SQUARE,OVAL,X,11_PIXIECUT_STRAIGHT,10_MOHAWK
597,PONY TAIL,STRAIGHT,BLACK,OVAL,OVAL,X,14_PONYTAIL,14_PONYTAIL
598,SHAVED,X,BLACK,SQUARE,OVAL,X,15_SHAVED,15_SHAVED
599,MOHAWK,STRAIGHT,BLACK,SQUARE,TRIANGLE,X,10_MOHAWK,10_MOHAWK
600,MOHAWK,STRAIGHT,CHATTAIN,ROUND,OVAL,X,10_MOHAWK,X
